humidity,temperature,wind_speed,wind_direction_degree,precip,pressure,solar_radiation,cloud,code,text,feels_like,wind_scale,wind_direction,vapor_pressure,last_update
83.35,26.87,1.79,325,0.00,999.51,0.00,100.00,9,阴,31.61,1,西北,29.49,2022-08-31T23:00:00+08:00
86.55,25.59,1.93,34,6.08,999.76,0.00,100.00,14,中雨,29.99,1,东北,28.39,2022-09-01T00:00:00+08:00
91.29,26.25,3.43,344,13.55,999.94,0.00,100.00,15,大雨,30.98,1,西北,31.14,2022-09-01T01:00:00+08:00
92.99,25.50,5.96,33,16.36,998.75,0.00,100.00,15,大雨,29.56,1,东北,30.34,2022-09-01T02:00:00+08:00
90.73,25.37,3.39,358,0.38,998.98,0.00,0.00,13,小雨,29.69,1,北,29.38,2022-09-01T03:00:00+08:00
88.33,25.36,2.97,337,0.00,999.06,0.00,0.61,0,晴,29.60,1,西北,28.58,2022-09-01T04:00:00+08:00
91.21,25.33,3.28,340,0.00,999.13,0.00,5.16,0,晴,29.69,1,西北,29.46,2022-09-01T05:00:00+08:00
88.45,23.34,0.94,359,0.00,999.39,0.00,100.00,9,阴,27.16,0,北,25.36,2022-09-01T06:00:00+08:00
87.64,23.52,1.88,325,0.00,1000.23,36.98,2.32,0,晴,27.20,1,西北,25.41,2022-09-01T07:00:00+08:00
86.33,23.97,2.74,335,0.00,1000.36,176.81,100.00,9,阴,27.58,1,西北,25.71,2022-09-01T08:00:00+08:00
77.42,25.18,3.26,13,0.00,1000.64,395.24,100.00,9,阴,28.59,1,东北,24.79,2022-09-01T09:00:00+08:00
71.35,26.63,4.95,348,0.00,1001.15,364.92,100.00,9,阴,29.86,1,西北,24.89,2022-09-01T10:00:00+08:00
70.39,27.20,4.05,355,0.00,1001.26,416.34,100.00,9,阴,30.73,1,北,25.39,2022-09-01T11:00:00+08:00
66.75,27.99,4.55,13,0.00,1000.77,895.83,100.00,9,阴,31.46,1,东北,25.21,2022-09-01T12:00:00+08:00
62.70,28.78,5.00,349,0.00,1000.20,645.17,100.00,9,阴,32.13,1,北,24.80,2022-09-01T13:00:00+08:00
64.92,28.90,3.58,26,0.00,999.73,628.09,100.00,9,阴,32.73,1,东北,25.85,2022-09-01T14:00:00+08:00
62.28,30.08,3.72,10,0.00,998.96,655.89,100.00,9,阴,34.11,1,北,26.55,2022-09-01T15:00:00+08:00
60.50,30.14,3.50,350,0.00,998.38,446.96,100.00,9,阴,34.08,1,北,25.88,2022-09-01T16:00:00+08:00
63.09,29.28,3.19,9,0.00,998.40,214.89,100.00,9,阴,33.17,1,北,25.68,2022-09-01T17:00:00+08:00
65.43,28.77,2.05,17,0.00,998.24,54.02,37.03,0,晴,32.87,1,东北,25.86,2022-09-01T18:00:00+08:00
67.75,27.26,0.88,360,0.00,998.94,0.00,37.03,0,晴,31.20,0,北,24.52,2022-09-01T19:00:00+08:00
68.89,26.39,1.36,337,0.00,999.24,0.00,100.00,9,阴,30.01,1,西北,23.69,2022-09-01T20:00:00+08:00
70.33,25.66,1.58,349,0.00,999.89,0.00,34.29,0,晴,29.09,1,北,23.17,2022-09-01T21:00:00+08:00
66.90,25.50,1.39,8,0.00,1000.27,0.00,25.80,0,晴,28.68,1,北,21.83,2022-09-01T22:00:00+08:00
65.53,25.21,1.28,11,0.00,999.99,0.00,25.84,0,晴,28.23,1,北,21.02,2022-09-01T23:00:00+08:00
69.45,24.64,1.66,15,0.00,999.99,0.00,25.84,0,晴,27.66,1,东北,21.53,2022-09-02T00:00:00+08:00
70.60,24.61,1.01,342,0.00,999.66,0.00,29.88,0,晴,27.81,1,西北,21.85,2022-09-02T01:00:00+08:00
71.78,24.50,3.19,339,0.00,998.88,0.00,0.69,0,晴,27.34,1,西北,22.07,2022-09-02T02:00:00+08:00
70.84,23.80,2.48,347,0.00,998.60,0.00,0.00,0,晴,26.48,1,西北,20.88,2022-09-02T03:00:00+08:00
70.22,23.62,2.86,334,0.00,998.81,0.00,0.00,0,晴,26.14,1,西北,20.48,2022-09-02T04:00:00+08:00
70.96,23.00,1.00,14,0.00,999.16,0.00,0.00,0,晴,25.70,1,东北,19.93,2022-09-02T05:00:00+08:00
70.64,22.41,3.00,338,0.00,999.61,0.00,37.54,0,晴,24.56,1,西北,19.15,2022-09-02T06:00:00+08:00
70.78,22.31,1.51,341,0.00,1000.03,49.82,37.54,0,晴,24.70,1,西北,19.07,2022-09-02T07:00:00+08:00
67.44,23.28,4.15,337,0.00,1000.42,241.98,18.23,0,晴,25.31,1,西北,19.27,2022-09-02T08:00:00+08:00
64.91,24.69,4.56,14,0.00,1000.50,511.57,18.23,0,晴,26.92,1,东北,20.18,2022-09-02T09:00:00+08:00
59.75,26.83,4.12,339,0.00,999.67,865.73,0.00,0,晴,29.47,1,西北,21.09,2022-09-02T11:00:00+08:00
55.93,27.81,6.18,359,0.00,998.72,655.55,0.00,0,晴,30.11,2,北,20.91,2022-09-02T12:00:00+08:00
54.09,28.47,5.57,4,0.00,997.85,591.09,0.00,0,晴,30.94,1,北,21.01,2022-09-02T13:00:00+08:00
52.41,28.55,2.95,355,0.00,996.90,857.26,100.00,9,阴,31.39,1,北,20.45,2022-09-02T14:00:00+08:00
50.39,28.85,2.94,344,0.00,996.10,701.88,66.23,4,多云,31.63,1,西北,20.01,2022-09-02T15:00:00+08:00
50.36,28.87,3.46,344,0.00,995.82,287.98,0.00,0,晴,31.56,1,西北,20.02,2022-09-02T16:00:00+08:00
50.44,27.71,1.49,340,0.00,996.04,144.11,100.00,9,阴,30.42,1,西北,18.75,2022-09-02T17:00:00+08:00
51.58,26.90,2.96,3,0.00,996.29,39.49,26.41,0,晴,29.19,1,北,18.28,2022-09-02T18:00:00+08:00
52.85,26.86,3.87,356,0.00,996.72,0.00,26.41,0,晴,29.07,1,北,18.69,2022-09-02T19:00:00+08:00
51.59,26.04,3.83,327,0.00,997.20,0.00,100.00,9,阴,27.94,1,西北,17.38,2022-09-02T20:00:00+08:00
54.17,25.03,2.54,340,0.00,997.87,0.00,100.00,9,阴,27.05,1,西北,17.19,2022-09-02T21:00:00+08:00
55.11,24.25,0.89,34,0.00,998.39,0.00,0.00,0,晴,26.41,0,东北,16.69,2022-09-02T22:00:00+08:00
57.74,23.39,3.19,330,0.00,998.38,0.00,0.00,0,晴,25.06,1,西北,16.61,2022-09-02T23:00:00+08:00
61.78,23.38,2.34,339,0.00,997.80,0.00,0.00,0,晴,25.44,1,西北,17.76,2022-09-03T00:00:00+08:00
65.52,22.15,1.09,330,0.00,996.99,0.00,0.00,0,晴,24.29,1,西北,17.48,2022-09-03T01:00:00+08:00
67.99,21.24,1.24,338,0.00,996.44,0.00,0.00,0,晴,23.23,1,西北,17.16,2022-09-03T02:00:00+08:00
70.25,21.81,1.63,10,0.00,995.76,0.00,0.00,0,晴,24.01,1,北,18.36,2022-09-03T03:00:00+08:00
73.34,21.81,2.50,358,0.00,995.64,0.00,0.00,0,晴,24.01,1,北,19.17,2022-09-03T04:00:00+08:00
70.03,20.93,1.43,9,0.00,995.70,0.00,0.00,0,晴,22.89,1,北,17.34,2022-09-03T05:00:00+08:00
69.59,19.77,1.72,349,0.00,996.07,0.00,0.00,0,晴,21.34,1,北,16.04,2022-09-03T06:00:00+08:00
69.64,22.11,2.71,352,0.00,996.36,66.45,0.00,0,晴,24.17,1,北,18.54,2022-09-03T07:00:00+08:00
66.12,23.88,3.43,344,0.00,996.82,264.54,0.00,0,晴,26.14,1,西北,19.59,2022-09-03T08:00:00+08:00
62.08,25.27,3.08,1,0.00,997.00,507.93,0.00,0,晴,27.76,1,北,19.98,2022-09-03T09:00:00+08:00
55.95,26.89,4.27,28,0.00,996.42,717.39,0.00,0,晴,29.25,1,东北,19.82,2022-09-03T10:00:00+08:00
53.79,28.24,5.12,355,0.00,996.08,866.78,0.00,0,晴,30.70,1,北,20.62,2022-09-03T11:00:00+08:00
52.00,29.18,3.38,350,0.00,995.39,946.18,0.00,0,晴,32.11,1,北,21.05,2022-09-03T12:00:00+08:00
48.66,30.09,3.80,357,0.00,994.59,942.19,0.00,0,晴,32.94,1,北,20.75,2022-09-03T13:00:00+08:00
44.58,30.74,3.68,2,0.00,993.84,856.23,0.00,0,晴,33.46,1,北,19.73,2022-09-03T14:00:00+08:00
42.25,31.30,4.19,354,0.00,993.24,700.23,0.00,0,晴,33.89,1,北,19.31,2022-09-03T15:00:00+08:00
42.20,31.21,11.50,321,0.00,992.91,485.81,0.00,0,晴,32.45,2,西北,19.19,2022-09-03T16:00:00+08:00
42.67,30.83,3.14,25,0.00,992.86,239.71,0.00,0,晴,33.51,1,东北,18.98,2022-09-03T17:00:00+08:00
45.85,29.90,2.05,321,0.00,993.20,46.97,88.17,9,阴,32.78,1,西北,19.34,2022-09-03T18:00:00+08:00
49.97,27.23,1.11,306,0.00,993.57,0.00,88.17,9,阴,29.83,1,西北,18.06,2022-09-03T19:00:00+08:00
54.93,25.13,0.90,289,0.00,994.01,0.00,0.00,0,晴,27.52,0,西北,17.53,2022-09-03T20:00:00+08:00
50.87,24.90,1.36,305,0.00,994.71,0.00,0.00,0,晴,26.89,1,西北,16.02,2022-09-03T21:00:00+08:00
48.97,24.76,1.12,345,0.00,995.47,0.00,53.94,4,多云,26.64,1,西北,15.29,2022-09-03T22:00:00+08:00
47.28,24.80,0.95,356,0.00,995.69,0.00,100.00,9,阴,26.62,0,北,14.80,2022-09-03T23:00:00+08:00
49.46,23.76,1.80,5,0.00,995.31,0.00,100.00,9,阴,25.30,1,北,14.55,2022-09-04T00:00:00+08:00
50.72,20.98,1.89,328,0.00,994.88,0.00,24.03,0,晴,21.92,1,西北,12.60,2022-09-04T01:00:00+08:00
54.65,20.56,1.08,29,0.00,994.99,0.00,0.00,0,晴,21.74,1,东北,13.23,2022-09-04T02:00:00+08:00
56.11,20.37,1.42,2,0.00,994.95,0.00,0.00,0,晴,21.52,1,北,13.42,2022-09-04T03:00:00+08:00
56.11,21.58,2.17,356,0.00,994.91,0.00,0.00,0,晴,22.88,1,北,14.46,2022-09-04T04:00:00+08:00
56.39,21.26,1.83,358,0.00,995.07,0.00,0.00,0,晴,22.56,1,北,14.25,2022-09-04T05:00:00+08:00
57.77,20.50,2.01,4,0.00,995.62,0.00,0.00,0,晴,21.65,1,北,13.93,2022-09-04T06:00:00+08:00
59.27,20.37,2.98,352,0.00,996.27,66.12,0.00,0,晴,21.38,1,北,14.18,2022-09-04T07:00:00+08:00
57.43,22.99,3.58,335,0.00,996.49,252.52,61.65,4,多云,24.47,1,西北,16.12,2022-09-04T08:00:00+08:00
55.02,25.05,3.97,351,0.00,996.75,492.79,61.65,4,多云,26.87,1,北,17.48,2022-09-04T09:00:00+08:00
52.95,26.37,2.26,29,0.00,996.92,701.00,68.39,4,多云,28.73,1,东北,18.19,2022-09-04T10:00:00+08:00
51.90,27.34,3.30,5,0.00,996.40,846.90,55.30,4,多云,29.72,1,北,18.88,2022-09-04T11:00:00+08:00
50.18,28.48,4.67,346,0.00,995.76,918.68,55.88,4,多云,30.82,1,西北,19.50,2022-09-04T12:00:00+08:00
46.96,29.25,6.02,324,0.00,994.89,914.23,57.18,4,多云,31.32,2,西北,19.08,2022-09-04T13:00:00+08:00
46.23,29.58,3.75,5,0.00,994.17,828.10,66.86,4,多云,32.09,1,北,19.15,2022-09-04T14:00:00+08:00
43.30,31.11,3.33,332,0.00,993.20,672.45,60.21,4,多云,33.88,1,西北,19.57,2022-09-04T15:00:00+08:00
41.75,31.60,4.92,348,0.00,992.92,459.67,0.00,0,晴,34.09,1,西北,19.41,2022-09-04T16:00:00+08:00
42.60,31.24,4.65,312,0.00,993.09,221.72,0.00,0,晴,33.76,1,西北,19.40,2022-09-04T17:00:00+08:00
41.96,30.64,1.34,17,0.00,993.87,35.49,0.00,0,晴,33.53,1,东北,18.47,2022-09-04T18:00:00+08:00
43.92,27.61,1.26,304,0.00,994.07,0.00,0.00,0,晴,29.85,1,西北,16.23,2022-09-04T19:00:00+08:00
50.07,25.85,1.07,318,0.00,994.59,0.00,0.00,0,晴,28.09,1,西北,16.68,2022-09-04T20:00:00+08:00
50.59,25.55,1.18,337,0.00,995.28,0.00,0.00,0,晴,27.73,1,西北,16.56,2022-09-04T21:00:00+08:00
49.98,24.95,1.60,347,0.00,996.14,0.00,0.00,0,晴,26.86,1,西北,15.78,2022-09-04T22:00:00+08:00
44.54,24.38,2.27,12,0.00,995.91,0.00,0.00,0,晴,25.69,1,东北,13.60,2022-09-04T23:00:00+08:00
41.51,23.95,2.16,23,0.00,996.62,0.00,0.00,0,晴,25.00,1,东北,12.35,2022-09-05T00:00:00+08:00
46.19,22.67,1.68,357,0.00,995.51,0.00,0.00,0,晴,23.79,1,北,12.72,2022-09-05T01:00:00+08:00
48.75,21.15,1.26,331,0.00,995.30,0.00,0.00,0,晴,22.14,1,西北,12.24,2022-09-05T02:00:00+08:00
50.76,20.51,0.93,348,0.00,995.09,0.00,0.00,0,晴,21.52,0,西北,12.25,2022-09-05T03:00:00+08:00
49.31,19.98,1.21,40,0.00,995.02,0.00,59.68,4,多云,20.75,1,东北,11.52,2022-09-05T04:00:00+08:00
49.12,20.42,0.86,323,0.00,995.20,0.00,59.63,4,多云,21.34,0,西北,11.79,2022-09-05T05:00:00+08:00
51.28,20.07,0.33,183,0.00,995.43,0.00,62.19,4,多云,21.12,0,南,12.04,2022-09-05T06:00:00+08:00
53.63,20.84,0.47,199,0.00,996.06,64.05,0.00,0,晴,22.15,0,西南,13.21,2022-09-05T07:00:00+08:00
52.09,22.92,1.34,316,0.00,996.60,181.36,26.82,0,晴,24.49,1,西北,14.56,2022-09-05T08:00:00+08:00
50.47,24.30,1.73,318,0.00,997.11,397.83,26.82,0,晴,26.05,1,西北,15.33,2022-09-05T09:00:00+08:00
46.58,25.95,2.17,351,0.00,997.81,712.08,100.00,9,阴,27.79,1,北,15.61,2022-09-05T10:00:00+08:00
46.29,28.73,3.22,328,0.00,997.36,552.50,100.00,9,阴,31.10,1,西北,18.25,2022-09-05T11:00:00+08:00
43.95,31.27,3.79,290,0.00,996.98,928.52,67.54,4,多云,34.07,1,西北,20.05,2022-09-05T12:00:00+08:00
43.81,32.26,3.75,321,0.00,996.41,923.58,51.40,4,多云,35.35,1,西北,21.14,2022-09-05T13:00:00+08:00
41.97,32.65,2.34,28,0.00,995.60,835.62,47.52,4,多云,35.94,1,东北,20.70,2022-09-05T14:00:00+08:00
40.93,33.07,3.08,350,0.00,995.11,679.04,66.29,4,多云,36.24,1,北,20.67,2022-09-05T15:00:00+08:00
39.96,32.62,3.26,351,0.00,994.77,439.32,51.71,4,多云,35.53,1,北,19.67,2022-09-05T16:00:00+08:00
40.53,32.14,3.04,347,0.00,995.06,223.21,49.30,4,多云,35.01,1,西北,19.42,2022-09-05T17:00:00+08:00
42.44,29.75,1.44,353,0.00,995.20,34.98,0.00,0,晴,32.41,1,北,17.75,2022-09-05T18:00:00+08:00
47.64,28.16,1.36,18,0.00,995.58,0.00,0.00,0,晴,30.81,1,东北,18.17,2022-09-05T19:00:00+08:00
53.78,26.48,0.66,47,0.00,996.30,0.00,0.00,0,晴,29.22,0,东北,18.60,2022-09-05T20:00:00+08:00
52.13,25.97,0.36,11,0.00,996.83,0.00,0.00,0,晴,28.51,0,北,17.49,2022-09-05T21:00:00+08:00
56.98,25.66,1.04,93,0.00,997.45,0.00,0.00,0,晴,28.31,1,东,18.77,2022-09-05T22:00:00+08:00
60.73,24.92,0.68,328,0.00,997.39,0.00,0.00,0,晴,27.66,0,西北,19.15,2022-09-05T23:00:00+08:00
60.25,24.36,0.41,343,0.00,997.28,0.00,0.00,0,晴,26.96,0,西北,18.37,2022-09-06T00:00:00+08:00
61.96,24.81,0.16,23,0.00,996.91,0.00,100.00,9,阴,27.69,0,东北,19.41,2022-09-06T02:00:00+08:00
61.44,25.17,2.86,4,0.00,996.64,0.00,100.00,9,阴,27.64,1,北,19.66,2022-09-06T03:00:00+08:00
63.03,25.52,0.65,328,0.00,996.77,0.00,70.41,4,多云,28.60,0,西北,20.59,2022-09-06T04:00:00+08:00
64.04,25.57,1.05,74,0.00,997.34,0.00,67.14,4,多云,28.66,1,东北,20.98,2022-09-06T05:00:00+08:00
66.72,25.39,1.11,359,0.00,997.81,0.00,67.14,4,多云,28.58,1,北,21.63,2022-09-06T06:00:00+08:00
67.04,26.22,2.44,328,0.00,998.44,61.64,98.05,9,阴,29.47,1,西北,22.83,2022-09-06T07:00:00+08:00
57.23,29.21,2.46,9,0.00,999.85,514.02,69.75,4,多云,32.74,1,北,23.20,2022-09-06T09:00:00+08:00
47.83,30.86,3.80,353,0.00,1000.36,723.89,49.44,4,多云,33.88,1,北,21.32,2022-09-06T10:00:00+08:00
39.62,32.63,4.19,8,0.00,1000.02,870.31,49.44,4,多云,35.35,1,北,19.52,2022-09-06T11:00:00+08:00
39.14,33.47,3.58,67,0.00,999.91,932.98,58.11,4,多云,36.50,1,东北,20.21,2022-09-06T12:00:00+08:00
39.05,33.76,3.55,3,0.00,999.46,927.55,57.00,4,多云,36.86,1,北,20.49,2022-09-06T13:00:00+08:00
38.38,34.22,4.28,39,0.00,998.72,819.66,50.52,4,多云,37.26,1,东北,20.67,2022-09-06T14:00:00+08:00
36.54,34.26,3.21,24,0.00,998.57,663.04,49.55,4,多云,37.31,1,东北,19.72,2022-09-06T15:00:00+08:00
38.41,34.01,3.87,69,0.00,998.30,449.67,0.00,0,晴,37.07,1,东北,20.44,2022-09-06T16:00:00+08:00
39.27,33.12,2.02,52,0.00,998.56,216.83,0.00,0,晴,36.34,1,东北,19.89,2022-09-06T17:00:00+08:00
40.92,32.65,2.09,31,0.00,999.10,33.45,45.83,4,多云,35.88,1,东北,20.18,2022-09-06T18:00:00+08:00
43.61,31.22,2.01,37,0.00,999.65,0.00,45.83,4,多云,34.30,1,东北,19.84,2022-09-06T19:00:00+08:00
45.75,29.59,1.90,40,0.00,1000.37,0.00,100.00,9,阴,32.40,1,东北,18.96,2022-09-06T20:00:00+08:00
46.10,28.28,2.55,0,0.00,1001.23,0.00,100.00,9,阴,30.63,1,北,17.71,2022-09-06T21:00:00+08:00
49.65,27.83,1.20,42,0.00,1001.96,0.00,100.00,9,阴,30.57,1,东北,18.58,2022-09-06T22:00:00+08:00
52.59,28.11,1.04,2,0.00,1002.05,0.00,100.00,9,阴,31.18,1,北,20.00,2022-09-06T23:00:00+08:00
56.30,28.51,2.08,67,0.00,1002.39,0.00,100.00,9,阴,31.80,1,东北,21.92,2022-09-07T00:00:00+08:00
59.69,28.87,1.96,58,0.00,1002.22,0.00,100.00,9,阴,32.57,1,东北,23.73,2022-09-07T01:00:00+08:00
61.84,28.75,1.76,82,0.00,1002.19,0.00,100.00,9,阴,32.61,1,东,24.41,2022-09-07T02:00:00+08:00
66.14,28.39,2.30,86,0.00,1002.17,0.00,100.00,9,阴,32.36,1,东,25.57,2022-09-07T03:00:00+08:00
68.29,28.07,3.20,31,0.00,1002.06,0.00,100.00,9,阴,31.92,1,东北,25.92,2022-09-07T04:00:00+08:00
71.10,27.56,1.82,52,0.00,1002.43,0.00,100.00,9,阴,31.68,1,东北,26.19,2022-09-07T05:00:00+08:00
71.57,26.62,1.08,330,0.00,1002.86,0.00,100.00,9,阴,30.56,1,西北,24.95,2022-09-07T06:00:00+08:00
73.81,26.33,1.34,47,0.00,1003.89,31.64,100.00,9,阴,30.28,1,东北,25.30,2022-09-07T07:00:00+08:00
71.34,27.87,1.15,346,0.00,1004.34,184.09,56.08,4,多云,32.25,1,西北,26.76,2022-09-07T08:00:00+08:00
64.49,29.95,2.23,55,0.00,1004.67,331.02,56.08,4,多云,34.38,1,东北,27.28,2022-09-07T09:00:00+08:00
61.57,31.44,3.69,71,0.00,1005.36,457.44,50.40,4,多云,35.93,1,东北,28.36,2022-09-07T10:00:00+08:00
58.94,31.50,2.02,72,0.00,1005.11,456.74,100.00,9,阴,36.07,1,东北,27.24,2022-09-07T11:00:00+08:00
59.01,31.79,3.10,42,0.00,1004.51,314.89,46.68,4,多云,36.28,1,东北,27.72,2022-09-07T12:00:00+08:00
57.13,32.96,2.43,44,0.00,1003.90,527.34,51.19,4,多云,37.84,1,东北,28.67,2022-09-07T13:00:00+08:00
57.06,33.24,2.94,106,0.00,1003.10,474.32,54.09,4,多云,38.13,1,东南,29.09,2022-09-07T14:00:00+08:00
63.46,32.48,4.73,122,0.00,1002.62,322.73,69.33,4,多云,37.38,1,东南,31.00,2022-09-07T15:00:00+08:00
62.22,31.80,4.09,150,0.00,1002.90,239.96,76.12,4,多云,36.41,1,东南,29.25,2022-09-07T16:00:00+08:00
68.59,30.02,0.98,40,0.00,1002.54,152.65,76.34,4,多云,35.05,0,东北,29.13,2022-09-07T17:00:00+08:00
74.22,26.42,3.15,64,1.48,1002.86,39.76,79.25,13,小雨,30.10,1,东北,25.57,2022-09-07T18:00:00+08:00
76.56,25.84,0.80,322,2.44,1003.39,0.00,79.25,13,小雨,29.89,0,西北,25.49,2022-09-07T19:00:00+08:00
77.85,25.77,0.50,93,0.00,1004.13,0.00,100.00,9,阴,29.93,0,东,25.81,2022-09-07T20:00:00+08:00
81.77,25.88,0.27,15,0.00,1005.04,0.00,100.00,9,阴,30.39,0,东北,27.29,2022-09-07T21:00:00+08:00
81.28,26.24,1.09,99,0.00,1005.67,0.00,100.00,9,阴,30.71,1,东,27.71,2022-09-07T22:00:00+08:00
77.74,26.25,1.21,83,0.00,1006.02,0.00,100.00,9,阴,30.45,1,东,26.52,2022-09-07T23:00:00+08:00
79.91,26.27,0.37,283,0.00,1005.89,0.00,100.00,9,阴,30.79,0,西北,27.29,2022-09-08T00:00:00+08:00
80.76,26.29,1.56,267,0.00,1005.78,0.00,100.00,9,阴,30.66,1,西,27.61,2022-09-08T01:00:00+08:00
86.91,25.75,1.84,286,25.24,1006.05,0.00,100.00,15,大雨,30.26,1,西北,28.78,2022-09-08T02:00:00+08:00
89.66,25.30,1.51,1,5.87,1005.14,0.00,100.00,14,中雨,29.86,1,北,28.91,2022-09-08T03:00:00+08:00
90.90,25.09,2.78,320,0.21,1004.85,0.00,100.00,13,小雨,29.42,1,西北,28.95,2022-09-08T04:00:00+08:00
91.91,25.15,1.71,329,0.00,1004.94,0.00,100.00,9,阴,29.76,1,西北,29.37,2022-09-08T05:00:00+08:00
90.53,25.15,2.04,357,0.00,1005.13,0.00,100.00,9,阴,29.61,1,北,28.93,2022-09-08T06:00:00+08:00
90.60,25.37,1.65,324,0.00,1005.42,19.25,100.00,9,阴,30.00,1,西北,29.34,2022-09-08T07:00:00+08:00
87.93,26.33,1.31,67,0.00,1005.71,98.20,100.00,9,阴,31.25,1,东北,30.14,2022-09-08T08:00:00+08:00
84.37,27.09,1.36,359,0.00,1006.24,261.85,100.00,9,阴,32.07,1,北,30.24,2022-09-08T09:00:00+08:00
77.00,28.79,0.74,289,0.00,1006.24,489.61,57.31,4,多云,34.04,0,西北,30.47,2022-09-08T10:00:00+08:00
68.72,30.36,2.09,310,0.00,1005.98,812.28,100.00,9,阴,35.34,1,西北,29.76,2022-09-08T11:00:00+08:00
62.83,30.73,1.50,257,0.00,1005.22,803.02,100.00,9,阴,35.45,1,西南,27.79,2022-09-08T12:00:00+08:00
56.78,31.65,2.29,299,0.00,1004.17,882.64,49.77,4,多云,36.02,1,西北,26.47,2022-09-08T13:00:00+08:00
56.05,33.02,2.38,226,0.00,1002.89,644.16,100.00,9,阴,37.83,1,西南,28.22,2022-09-08T14:00:00+08:00
55.69,32.06,1.48,182,0.00,1001.87,393.12,100.00,9,阴,36.63,1,南,26.57,2022-09-08T15:00:00+08:00
60.34,30.62,1.54,283,0.14,1001.36,250.44,100.00,13,小雨,35.07,1,西北,26.53,2022-09-08T16:00:00+08:00
68.44,29.66,7.55,101,0.00,1002.43,17.13,67.71,4,多云,33.35,2,东,28.48,2022-09-08T17:00:00+08:00
85.20,26.93,2.23,102,0.00,1002.95,20.10,100.00,9,阴,31.74,1,东南,30.25,2022-09-08T18:00:00+08:00
86.85,26.20,3.34,109,0.34,1003.90,0.00,100.00,13,小雨,30.62,1,东南,29.54,2022-09-08T19:00:00+08:00
92.20,25.36,4.08,153,0.18,1005.74,0.00,100.00,13,小雨,29.65,1,东南,29.84,2022-09-08T20:00:00+08:00
93.37,24.28,0.28,297,4.72,1006.58,0.00,100.00,14,中雨,28.88,0,西北,28.33,2022-09-08T21:00:00+08:00
93.59,24.32,0.54,277,0.22,1006.93,0.00,100.00,13,小雨,28.90,0,西,28.47,2022-09-08T22:00:00+08:00
94.71,24.55,0.87,64,0.12,1006.69,0.00,100.00,13,小雨,29.24,0,东北,29.21,2022-09-08T23:00:00+08:00
94.23,24.67,1.10,359,0.00,1006.32,0.00,100.00,9,阴,29.33,1,北,29.27,2022-09-09T00:00:00+08:00
94.12,24.71,1.52,351,0.00,1006.01,0.00,100.00,9,阴,29.31,1,北,29.30,2022-09-09T01:00:00+08:00
93.70,24.72,0.48,320,0.00,1005.51,0.00,100.00,9,阴,29.49,0,西北,29.19,2022-09-09T02:00:00+08:00
92.67,24.67,0.17,242,0.00,1004.90,0.00,100.00,9,阴,29.40,0,西南,28.78,2022-09-09T03:00:00+08:00
93.12,24.53,0.24,186,0.00,1004.75,0.00,100.00,9,阴,29.22,0,南,28.68,2022-09-09T04:00:00+08:00
94.22,24.72,0.33,166,0.00,1004.72,0.00,100.00,9,阴,29.54,0,东南,29.35,2022-09-09T05:00:00+08:00
93.10,24.45,0.32,285,0.00,1004.73,0.00,63.30,4,多云,29.09,0,西北,28.54,2022-09-09T06:00:00+08:00
93.52,24.84,0.28,347,0.00,1004.77,51.79,70.59,4,多云,29.68,0,西北,29.34,2022-09-09T07:00:00+08:00
81.78,26.73,1.76,8,0.00,1004.68,459.88,53.38,4,多云,31.30,1,北,28.70,2022-09-09T09:00:00+08:00
71.87,28.03,1.23,335,0.00,1004.75,664.75,100.00,9,阴,32.50,1,西北,27.21,2022-09-09T10:00:00+08:00
69.38,29.14,2.16,350,0.00,1004.87,784.69,100.00,9,阴,33.67,1,北,28.02,2022-09-09T11:00:00+08:00
62.61,30.56,0.54,305,0.00,1004.49,896.27,100.00,9,阴,35.37,0,西北,27.43,2022-09-09T12:00:00+08:00
60.49,31.51,0.72,38,0.00,1003.81,889.38,100.00,9,阴,36.46,0,东北,27.97,2022-09-09T13:00:00+08:00
54.39,33.55,2.45,245,0.00,1003.08,801.87,20.83,0,晴,38.38,1,西南,28.21,2022-09-09T14:00:00+08:00
50.89,33.15,2.68,254,0.00,1002.07,644.00,100.00,9,阴,37.43,1,西南,25.81,2022-09-09T15:00:00+08:00
55.63,30.98,2.93,298,0.58,1001.56,303.91,4.74,13,小雨,34.90,1,西北,24.96,2022-09-09T16:00:00+08:00
61.49,30.47,1.59,11,0.37,1001.77,60.37,43.87,13,小雨,34.96,1,北,26.80,2022-09-09T17:00:00+08:00
69.43,29.26,1.74,311,0.00,1001.82,35.41,48.32,4,多云,33.92,1,西北,28.23,2022-09-09T18:00:00+08:00
74.99,28.70,1.01,330,0.00,1002.03,0.00,48.32,4,多云,33.71,1,西北,29.52,2022-09-09T19:00:00+08:00
74.14,27.31,0.69,250,0.00,1002.62,0.00,100.00,9,阴,31.76,0,西南,26.92,2022-09-09T20:00:00+08:00
75.90,27.04,0.95,276,0.00,1003.37,0.00,100.00,9,阴,31.47,0,西,27.12,2022-09-09T21:00:00+08:00
74.88,26.59,0.70,188,0.00,1003.89,0.00,100.00,9,阴,30.82,0,南,26.06,2022-09-09T22:00:00+08:00
76.48,26.73,0.46,202,0.00,1003.72,0.00,0.00,0,晴,31.17,0,西南,26.84,2022-09-09T23:00:00+08:00
80.11,26.36,0.39,254,0.00,1003.63,0.00,0.00,0,晴,30.92,0,西南,27.51,2022-09-10T00:00:00+08:00
82.28,26.72,0.28,226,0.00,1002.89,0.00,0.00,0,晴,31.59,0,西南,28.86,2022-09-10T01:00:00+08:00
85.00,26.52,0.67,289,0.00,1002.05,0.00,0.00,0,晴,31.43,0,西北,29.46,2022-09-10T02:00:00+08:00
87.46,26.39,0.84,246,0.00,1001.77,0.00,0.00,0,晴,31.39,0,西南,30.08,2022-09-10T03:00:00+08:00
87.04,26.16,0.91,44,0.00,1001.43,0.00,0.00,0,晴,31.02,0,东北,29.53,2022-09-10T04:00:00+08:00
88.58,26.05,1.01,33,0.00,1001.60,0.00,0.00,0,晴,30.95,1,东北,29.86,2022-09-10T05:00:00+08:00
89.73,24.77,0.50,57,0.00,1001.86,0.00,0.00,0,晴,29.30,0,东北,28.04,2022-09-10T06:00:00+08:00
88.89,25.15,0.43,26,0.00,1002.24,62.55,0.00,0,晴,29.80,0,东北,28.41,2022-09-10T07:00:00+08:00
86.10,26.92,0.73,56,0.00,1002.78,245.45,0.00,0,晴,32.07,0,东北,30.55,2022-09-10T08:00:00+08:00
77.62,29.49,1.53,184,0.00,1003.22,484.76,0.00,0,晴,34.96,1,南,31.98,2022-09-10T09:00:00+08:00
69.42,30.71,2.33,246,0.00,1003.42,638.35,0.00,0,晴,35.85,1,西南,30.67,2022-09-10T10:00:00+08:00
63.69,31.54,1.94,247,0.00,1003.10,842.51,100.00,9,阴,36.58,1,西南,29.50,2022-09-10T11:00:00+08:00
59.30,32.74,2.18,299,0.00,1002.40,914.60,16.50,0,晴,37.79,1,西北,29.39,2022-09-10T12:00:00+08:00
53.84,33.74,1.99,332,0.00,1001.44,907.19,19.90,0,晴,38.67,1,西北,28.22,2022-09-10T13:00:00+08:00
50.27,33.57,2.33,349,0.00,1000.51,813.15,100.00,9,阴,38.00,1,北,26.10,2022-09-10T14:00:00+08:00
52.76,34.08,1.94,137,0.00,999.47,654.15,19.77,0,晴,39.03,1,东南,28.19,2022-09-10T15:00:00+08:00
60.56,32.88,2.74,182,0.00,999.09,331.40,19.45,0,晴,38.02,1,南,30.26,2022-09-10T16:00:00+08:00
57.60,31.27,0.80,179,0.00,999.05,181.77,17.02,0,晴,35.85,0,南,26.28,2022-09-10T17:00:00+08:00
60.38,29.39,0.63,223,0.00,999.41,31.34,50.15,4,多云,33.57,0,西南,24.73,2022-09-10T18:00:00+08:00
65.80,28.27,0.12,12,0.00,999.74,0.00,50.15,4,多云,32.57,0,东北,25.26,2022-09-10T19:00:00+08:00
69.23,27.66,0.17,132,0.00,1000.19,0.00,0.00,0,晴,31.98,0,东南,25.65,2022-09-10T20:00:00+08:00
72.61,27.35,0.33,99,0.00,1001.07,0.00,0.00,0,晴,31.77,0,东,26.42,2022-09-10T21:00:00+08:00
72.82,27.53,1.45,140,0.00,1001.39,0.00,0.00,0,晴,31.84,1,东南,26.78,2022-09-10T22:00:00+08:00
76.12,27.13,0.67,119,0.00,1001.78,0.00,0.00,0,晴,31.66,0,东南,27.35,2022-09-10T23:00:00+08:00
79.85,26.87,1.80,136,0.00,1001.70,0.00,0.00,0,晴,31.36,1,东南,28.25,2022-09-11T00:00:00+08:00
79.47,26.61,0.94,148,0.00,1001.24,0.00,0.00,0,晴,31.12,0,东南,27.69,2022-09-11T01:00:00+08:00
81.74,26.02,0.89,168,0.00,1000.87,0.00,0.00,0,晴,30.46,0,东南,27.51,2022-09-11T02:00:00+08:00
83.85,25.71,0.45,180,0.00,1000.33,0.00,48.40,4,多云,30.25,0,南,27.70,2022-09-11T03:00:00+08:00
86.84,25.57,0.23,191,0.00,999.95,0.00,64.38,4,多云,30.29,0,南,28.46,2022-09-11T04:00:00+08:00
87.64,25.38,0.40,237,0.00,1000.10,0.00,25.48,0,晴,30.05,0,西南,28.40,2022-09-11T05:00:00+08:00
90.16,25.04,0.23,79,0.00,1000.61,0.00,0.00,0,晴,29.76,0,东,28.63,2022-09-11T06:00:00+08:00
90.11,25.31,0.13,63,0.00,1000.98,59.58,1.76,0,晴,30.15,0,东北,29.07,2022-09-11T07:00:00+08:00
86.26,27.22,0.67,330,0.00,1001.16,207.17,60.85,4,多云,32.51,0,西北,31.15,2022-09-11T08:00:00+08:00
71.11,30.64,1.21,4,0.00,1001.67,690.69,31.72,0,晴,36.10,1,北,31.30,2022-09-11T10:00:00+08:00
65.04,31.68,0.75,198,0.00,1001.42,605.73,100.00,9,阴,37.11,0,西南,30.37,2022-09-11T11:00:00+08:00
58.21,32.16,0.94,38,0.00,1000.94,920.60,76.44,4,多云,37.11,0,东北,27.93,2022-09-11T12:00:00+08:00
49.92,33.92,0.77,31,0.00,999.95,912.67,39.81,0,晴,38.73,0,东北,26.43,2022-09-11T13:00:00+08:00
43.67,33.39,1.03,108,0.00,998.90,816.96,39.81,0,晴,37.31,1,东南,22.45,2022-09-11T14:00:00+08:00
57.48,32.97,0.26,14,0.00,998.86,103.88,0.00,0,晴,38.28,0,东北,28.86,2022-09-11T16:00:00+08:00
51.93,29.57,0.92,299,0.00,997.57,79.09,100.00,9,阴,33.06,0,西北,21.50,2022-09-11T17:00:00+08:00
54.81,29.17,0.50,269,0.00,997.71,42.17,100.00,9,阴,32.84,0,西,22.17,2022-09-11T18:00:00+08:00
59.06,27.91,0.38,29,0.00,998.16,0.00,73.70,4,多云,31.52,0,东北,22.21,2022-09-11T19:00:00+08:00
65.79,27.20,0.60,253,0.00,998.69,0.00,0.00,0,晴,31.03,0,西南,23.73,2022-09-11T20:00:00+08:00
74.65,26.26,0.70,269,0.00,999.41,0.00,0.00,0,晴,30.36,0,西,25.48,2022-09-11T22:00:00+08:00
77.92,26.00,0.67,358,0.00,999.41,0.00,0.00,0,晴,30.22,0,北,26.19,2022-09-11T23:00:00+08:00
78.71,25.61,0.21,1,0.00,999.61,0.00,43.56,4,多云,29.82,0,北,25.85,2022-09-12T00:00:00+08:00
81.33,27.48,1.29,354,0.00,999.56,0.00,42.12,4,多云,32.42,1,北,29.82,2022-09-12T01:00:00+08:00
83.30,27.15,0.31,58,0.00,999.46,0.00,25.72,0,晴,32.27,0,东北,29.96,2022-09-12T02:00:00+08:00
84.07,26.93,0.61,205,0.00,998.62,0.00,32.03,0,晴,31.96,0,西南,29.85,2022-09-12T04:00:00+08:00
80.47,26.55,0.37,5,0.00,998.93,0.00,51.31,4,多云,31.21,0,北,27.94,2022-09-12T05:00:00+08:00
79.70,24.91,0.19,90,0.00,998.99,0.00,56.01,4,多云,28.93,0,东,25.11,2022-09-12T06:00:00+08:00
74.82,25.39,0.16,358,0.00,999.32,47.61,55.61,4,多云,29.28,0,北,24.26,2022-09-12T07:00:00+08:00
74.25,26.87,1.80,309,0.00,999.92,234.44,0.00,0,晴,30.96,1,西北,26.27,2022-09-12T08:00:00+08:00
63.96,29.09,2.62,18,0.00,1000.36,503.42,0.00,0,晴,33.09,1,东北,25.75,2022-09-12T09:00:00+08:00
52.35,31.03,2.76,344,0.00,1000.58,712.06,0.00,0,晴,34.70,1,西北,23.56,2022-09-12T10:00:00+08:00
48.13,32.60,2.29,337,0.00,1000.54,864.12,0.00,0,晴,36.48,1,西北,23.67,2022-09-12T11:00:00+08:00
40.85,34.01,3.64,351,0.00,999.95,941.56,0.00,0,晴,37.37,1,北,21.74,2022-09-12T12:00:00+08:00
37.51,34.96,4.55,52,0.00,999.27,933.08,0.00,0,晴,38.08,1,东北,21.04,2022-09-12T13:00:00+08:00
35.19,34.84,3.88,22,0.00,998.37,839.18,0.00,0,晴,37.78,1,东北,19.61,2022-09-12T14:00:00+08:00
36.11,34.88,3.48,18,0.00,997.34,677.86,0.00,0,晴,38.01,1,东北,20.17,2022-09-12T15:00:00+08:00
37.30,34.38,2.93,10,0.00,996.89,458.59,0.00,0,晴,37.60,1,北,20.26,2022-09-12T16:00:00+08:00
37.08,33.15,2.56,354,0.00,996.69,214.40,0.00,0,晴,36.06,1,北,18.81,2022-09-12T17:00:00+08:00
38.74,30.74,1.02,316,0.00,996.77,26.50,0.00,0,晴,33.43,1,西北,17.15,2022-09-12T18:00:00+08:00
44.39,28.16,0.18,6,0.00,996.94,0.00,0.00,0,晴,30.77,0,北,16.93,2022-09-12T19:00:00+08:00
55.06,27.15,0.56,294,0.00,997.15,0.00,0.00,0,晴,30.19,0,西北,19.80,2022-09-12T20:00:00+08:00
62.63,26.45,0.34,307,0.00,997.72,0.00,0.00,0,晴,29.85,0,西北,21.62,2022-09-12T21:00:00+08:00
65.22,25.98,0.33,309,0.00,998.13,0.00,0.00,0,晴,29.41,0,西北,21.90,2022-09-12T22:00:00+08:00
67.29,25.48,0.25,12,0.00,998.42,0.00,0.00,0,晴,28.89,0,东北,21.93,2022-09-12T23:00:00+08:00
69.26,25.22,0.14,270,0.00,998.31,0.00,0.00,0,晴,28.69,0,西,22.23,2022-09-13T00:00:00+08:00
66.61,25.08,0.46,66,0.00,998.44,0.00,0.00,0,晴,28.28,0,东北,21.20,2022-09-13T01:00:00+08:00
69.60,25.05,0.48,83,0.00,998.18,0.00,0.00,0,晴,28.43,0,东,22.11,2022-09-13T02:00:00+08:00
72.98,24.76,0.57,50,0.00,997.87,0.00,0.00,0,晴,28.23,0,东北,22.79,2022-09-13T03:00:00+08:00
73.44,24.53,0.13,109,0.00,998.03,0.00,0.00,0,晴,28.03,0,东南,22.62,2022-09-13T04:00:00+08:00
74.69,24.27,0.17,355,0.00,998.28,0.00,0.00,0,晴,27.75,0,北,22.65,2022-09-13T05:00:00+08:00
74.47,24.36,0.49,353,0.00,998.74,0.00,0.00,0,晴,27.80,0,北,22.70,2022-09-13T06:00:00+08:00
74.88,25.29,0.98,332,0.00,999.27,47.61,0.00,0,晴,29.00,0,西北,24.13,2022-09-13T07:00:00+08:00
70.17,26.73,2.14,324,0.00,999.84,258.80,0.00,0,晴,30.43,1,西北,24.62,2022-09-13T08:00:00+08:00
60.15,29.22,2.77,292,0.00,1000.47,502.43,0.00,0,晴,32.93,1,西北,24.40,2022-09-13T09:00:00+08:00
52.16,31.63,3.39,17,0.00,1000.51,516.56,0.00,0,晴,35.37,1,东北,24.29,2022-09-13T10:00:00+08:00
45.97,33.04,2.88,1,0.00,1000.28,593.65,0.00,0,晴,36.75,1,北,23.17,2022-09-13T11:00:00+08:00
43.24,34.30,4.20,3,0.00,999.75,621.21,0.00,0,晴,37.90,1,北,23.39,2022-09-13T12:00:00+08:00
41.65,35.48,2.59,359,0.00,999.06,610.31,0.00,0,晴,39.59,1,北,24.05,2022-09-13T13:00:00+08:00
40.01,35.47,4.54,330,0.00,998.10,835.84,0.00,0,晴,39.03,1,西北,23.09,2022-09-13T14:00:00+08:00
36.85,35.42,2.78,295,0.00,997.61,673.97,0.00,0,晴,38.92,1,西北,21.20,2022-09-13T15:00:00+08:00
34.67,34.92,1.95,344,0.00,997.06,454.31,0.00,0,晴,38.18,1,西北,19.41,2022-09-13T16:00:00+08:00
35.38,33.72,1.47,327,0.00,997.11,197.66,0.00,0,晴,36.81,1,西北,18.53,2022-09-13T17:00:00+08:00
36.84,31.24,0.52,322,0.00,996.99,23.89,0.00,0,晴,33.98,0,西北,16.78,2022-09-13T18:00:00+08:00
42.64,29.14,0.06,269,0.00,997.26,0.00,0.00,0,晴,31.90,0,西,17.22,2022-09-13T19:00:00+08:00
48.07,28.59,0.20,6,0.00,997.59,0.00,0.00,0,晴,31.60,0,北,18.80,2022-09-13T20:00:00+08:00
55.69,27.96,0.29,353,0.00,998.16,0.00,0.00,0,晴,31.35,0,北,21.00,2022-09-13T21:00:00+08:00
61.74,26.98,0.23,294,0.00,998.32,0.00,0.00,0,晴,30.51,0,西北,21.99,2022-09-13T22:00:00+08:00
65.13,26.35,0.37,284,0.00,998.38,0.00,0.00,0,晴,29.89,0,西北,22.35,2022-09-13T23:00:00+08:00
69.32,26.44,0.38,298,0.00,998.36,0.00,0.00,0,晴,30.29,0,西北,23.91,2022-09-14T00:00:00+08:00
69.29,25.90,0.36,346,0.00,998.24,0.00,0.00,0,晴,29.56,0,西北,23.15,2022-09-14T01:00:00+08:00
67.38,25.78,0.49,343,0.00,998.15,0.00,0.00,0,晴,29.25,0,西北,22.36,2022-09-14T02:00:00+08:00
69.97,27.13,1.57,13,0.00,997.87,0.00,0.00,0,晴,31.05,1,东北,25.14,2022-09-14T03:00:00+08:00
64.32,25.80,0.58,78,0.00,998.13,0.00,0.00,0,晴,29.06,0,东北,21.37,2022-09-14T04:00:00+08:00
65.40,24.94,0.77,39,0.00,998.46,0.00,0.00,0,晴,27.97,0,东北,20.64,2022-09-14T05:00:00+08:00
63.94,24.41,0.96,340,0.00,998.88,0.00,0.00,0,晴,27.14,0,西北,19.55,2022-09-14T06:00:00+08:00
66.05,24.24,0.77,352,0.00,999.60,63.48,0.00,0,晴,27.09,0,北,19.99,2022-09-14T07:00:00+08:00
58.71,26.75,1.46,12,0.00,1000.32,255.59,0.00,0,晴,29.77,1,东北,20.63,2022-09-14T08:00:00+08:00
51.74,29.87,2.74,1,0.00,1000.96,505.87,0.00,0,晴,33.11,1,北,21.79,2022-09-14T09:00:00+08:00
46.73,30.98,2.52,4,0.00,1000.86,714.50,0.00,0,晴,34.17,1,北,20.97,2022-09-14T10:00:00+08:00
44.29,32.07,3.35,345,0.00,1000.77,874.49,0.00,0,晴,35.22,1,西北,21.14,2022-09-14T11:00:00+08:00
41.24,33.33,2.41,9,0.00,1000.09,953.89,0.00,0,晴,36.74,1,北,21.13,2022-09-14T12:00:00+08:00
40.27,33.73,3.61,304,0.00,999.03,944.35,0.00,0,晴,36.95,1,西北,21.10,2022-09-14T13:00:00+08:00
38.65,34.14,3.73,259,0.00,997.88,862.55,0.00,0,晴,37.28,1,西,20.72,2022-09-14T14:00:00+08:00
38.25,34.27,3.77,295,0.00,997.16,699.13,0.00,0,晴,37.40,1,西北,20.65,2022-09-14T15:00:00+08:00
39.72,33.81,5.99,292,0.00,996.80,476.64,0.00,0,晴,36.56,1,西北,20.90,2022-09-14T16:00:00+08:00
39.64,33.38,2.76,342,0.00,996.52,219.52,0.00,0,晴,36.58,1,西北,20.37,2022-09-14T17:00:00+08:00
42.16,30.41,1.35,328,0.00,996.41,25.54,0.00,0,晴,33.24,1,西北,18.31,2022-09-14T18:00:00+08:00
46.69,28.33,0.55,254,0.00,996.65,0.00,0.00,0,晴,31.10,0,西南,17.99,2022-09-14T19:00:00+08:00
51.38,27.65,1.03,90,0.00,997.01,0.00,0.00,0,晴,30.49,1,东,19.03,2022-09-14T20:00:00+08:00
60.92,27.08,0.60,264,0.00,997.38,0.00,0.00,0,晴,30.52,0,西,21.82,2022-09-14T21:00:00+08:00
64.72,26.63,0.15,94,0.00,997.83,0.00,0.00,0,晴,30.27,0,东,22.58,2022-09-14T22:00:00+08:00
68.78,25.83,0.54,54,0.00,997.95,0.00,0.00,0,晴,29.40,0,东北,22.89,2022-09-14T23:00:00+08:00
69.70,25.43,0.44,32,0.00,997.92,0.00,0.00,0,晴,28.95,0,东北,22.65,2022-09-15T00:00:00+08:00
70.78,24.99,0.39,31,0.00,997.68,0.00,0.00,0,晴,28.44,0,东北,22.41,2022-09-15T01:00:00+08:00
71.61,24.83,0.53,18,0.00,997.61,0.00,0.00,0,晴,28.25,0,东北,22.45,2022-09-15T02:00:00+08:00
68.66,24.53,0.47,316,0.00,997.40,0.00,0.00,0,晴,27.68,0,西北,21.15,2022-09-15T03:00:00+08:00
66.92,24.10,0.09,131,0.00,997.59,0.00,0.00,0,晴,27.08,0,东南,20.09,2022-09-15T04:00:00+08:00
67.75,23.80,0.67,292,0.00,997.69,0.00,0.00,0,晴,26.63,0,西北,19.97,2022-09-15T05:00:00+08:00
67.25,23.81,0.46,334,0.00,997.70,0.00,0.00,0,晴,26.65,0,西北,19.84,2022-09-15T06:00:00+08:00
66.28,24.25,1.15,337,0.00,997.97,67.37,0.00,0,晴,27.04,1,西北,20.07,2022-09-15T07:00:00+08:00
60.14,26.76,2.73,358,0.00,998.51,261.86,0.00,0,晴,29.65,1,北,21.14,2022-09-15T08:00:00+08:00
49.12,29.07,3.56,1,0.00,998.77,512.30,0.00,0,晴,31.70,1,北,19.75,2022-09-15T09:00:00+08:00
44.39,30.69,1.86,28,0.00,998.83,721.31,0.00,0,晴,33.71,1,东北,19.59,2022-09-15T10:00:00+08:00
40.82,32.17,2.45,348,0.00,998.60,858.38,0.00,0,晴,35.19,1,西北,19.59,2022-09-15T11:00:00+08:00
38.43,33.38,3.10,55,0.00,997.54,936.30,0.00,0,晴,36.39,1,东北,19.75,2022-09-15T12:00:00+08:00
32.61,34.17,0.83,322,0.00,996.78,926.26,0.00,0,晴,37.20,0,西北,17.51,2022-09-15T13:00:00+08:00
32.27,34.35,2.62,320,0.00,996.26,828.48,0.00,0,晴,37.07,1,西北,17.50,2022-09-15T14:00:00+08:00
32.98,34.17,4.47,303,0.00,995.88,665.58,15.80,0,晴,36.58,1,西北,17.71,2022-09-15T15:00:00+08:00
34.00,33.63,2.09,339,0.00,995.46,445.18,0.00,0,晴,36.44,1,西北,17.71,2022-09-15T16:00:00+08:00
38.95,32.14,2.84,296,0.00,995.21,196.00,17.65,0,晴,34.90,1,西北,18.67,2022-09-15T17:00:00+08:00
43.42,28.50,0.68,63,0.00,995.33,0.00,23.56,0,晴,31.04,0,东北,16.90,2022-09-15T19:00:00+08:00
48.17,27.41,0.48,27,0.00,995.61,0.00,0.00,0,晴,30.05,0,东北,17.59,2022-09-15T20:00:00+08:00
56.51,26.48,0.95,81,0.00,996.13,0.00,0.00,0,晴,29.36,0,东,19.54,2022-09-15T21:00:00+08:00
57.41,26.00,0.18,311,0.00,996.58,0.00,0.00,0,晴,28.94,0,西北,19.30,2022-09-15T22:00:00+08:00
59.35,25.73,1.71,89,0.00,996.50,0.00,100.00,9,阴,28.44,1,东,19.63,2022-09-15T23:00:00+08:00
65.25,25.50,1.80,79,0.00,996.14,0.00,100.00,9,阴,28.51,1,东,21.29,2022-09-16T00:00:00+08:00
75.25,25.28,0.42,24,0.00,995.80,0.00,100.00,9,阴,29.10,0,东北,24.24,2022-09-16T02:00:00+08:00
73.59,24.82,0.95,30,0.00,995.55,0.00,0.00,0,晴,28.29,0,东北,23.06,2022-09-16T03:00:00+08:00
74.80,24.61,0.38,69,0.00,995.50,0.00,0.00,0,晴,28.18,0,东北,23.15,2022-09-16T04:00:00+08:00
67.99,24.36,1.03,63,0.00,995.68,0.00,0.00,0,晴,27.31,1,东北,20.73,2022-09-16T05:00:00+08:00
70.26,24.16,0.56,309,0.00,996.03,0.00,90.54,9,阴,27.27,0,西北,21.17,2022-09-16T06:00:00+08:00
70.01,24.81,2.08,28,0.00,996.68,47.61,90.54,9,阴,27.84,1,东北,21.93,2022-09-16T07:00:00+08:00
66.35,26.51,1.59,310,0.00,997.33,229.02,0.00,0,晴,29.96,1,西北,22.98,2022-09-16T08:00:00+08:00
55.67,28.97,1.05,44,0.00,997.48,487.54,0.00,0,晴,32.55,1,东北,22.26,2022-09-16T09:00:00+08:00
52.43,31.07,2.21,329,0.00,996.99,694.45,0.00,0,晴,34.86,1,西北,23.65,2022-09-16T10:00:00+08:00
49.03,32.72,1.70,277,0.00,997.01,836.24,44.80,4,多云,36.84,1,西,24.28,2022-09-16T11:00:00+08:00
41.21,34.50,2.24,326,0.00,997.07,903.10,47.37,4,多云,38.30,1,西北,22.54,2022-09-16T12:00:00+08:00
39.25,34.95,4.36,260,0.00,996.37,892.59,48.33,4,多云,38.30,1,西,22.01,2022-09-16T13:00:00+08:00
38.38,35.32,2.37,321,0.00,995.34,801.05,49.70,4,多云,39.04,1,西北,21.96,2022-09-16T14:00:00+08:00
36.82,34.97,2.59,333,0.00,994.69,638.58,44.28,4,多云,38.37,1,西北,20.67,2022-09-16T15:00:00+08:00
42.01,34.18,1.43,284,0.00,993.49,344.03,0.00,0,晴,38.11,1,西北,22.57,2022-09-16T16:00:00+08:00
38.61,33.27,2.92,299,0.00,994.00,180.13,0.00,0,晴,36.30,1,西北,19.72,2022-09-16T17:00:00+08:00
41.73,31.24,0.62,351,0.00,994.22,17.65,0.00,0,晴,34.40,0,北,19.00,2022-09-16T18:00:00+08:00
48.54,28.92,0.38,339,0.00,994.43,0.00,0.00,0,晴,32.03,0,西北,19.35,2022-09-16T19:00:00+08:00
58.20,28.11,1.28,28,0.00,994.98,0.00,0.00,0,晴,31.56,1,东北,22.14,2022-09-16T20:00:00+08:00
62.18,27.35,0.31,334,0.00,995.48,0.00,0.00,0,晴,31.02,0,西北,22.63,2022-09-16T21:00:00+08:00
66.64,26.99,0.50,40,0.00,995.81,0.00,0.00,0,晴,30.82,0,东北,23.74,2022-09-16T22:00:00+08:00
67.96,26.96,0.55,29,0.00,996.03,0.00,0.00,0,晴,30.87,0,东北,24.17,2022-09-16T23:00:00+08:00
69.48,26.33,0.19,326,0.00,996.28,0.00,0.00,0,晴,30.19,0,西北,23.81,2022-09-17T00:00:00+08:00
76.12,25.39,0.76,8,0.00,996.39,0.00,0.00,0,晴,29.25,0,北,24.68,2022-09-17T04:00:00+08:00
76.36,25.06,0.72,40,0.00,996.72,0.00,0.00,0,晴,28.82,0,东北,24.27,2022-09-17T05:00:00+08:00
89.13,27.46,0.59,266,0.00,998.48,34.92,0.00,0,晴,33.09,0,西,32.64,2022-09-17T07:00:00+08:00
70.27,27.55,0.68,340,0.00,998.09,228.70,0.00,0,晴,31.81,0,西北,25.87,2022-09-17T08:00:00+08:00
61.91,29.91,2.24,130,0.00,998.24,487.05,0.00,0,晴,34.11,1,东南,26.13,2022-09-17T09:00:00+08:00
56.46,32.06,0.95,16,0.00,998.19,693.79,0.00,0,晴,36.80,0,东北,26.93,2022-09-17T10:00:00+08:00
49.73,33.24,1.54,303,0.00,998.00,840.17,0.00,0,晴,37.64,1,西北,25.35,2022-09-17T11:00:00+08:00
46.60,34.70,3.02,42,0.00,997.30,911.71,0.00,0,晴,39.02,1,东北,25.77,2022-09-17T12:00:00+08:00
44.15,35.34,2.76,289,0.00,996.51,900.66,0.00,0,晴,39.65,1,西北,25.29,2022-09-17T13:00:00+08:00
40.89,35.78,4.58,223,0.00,995.78,809.40,48.94,4,多云,39.54,1,西南,24.00,2022-09-17T14:00:00+08:00
40.55,35.34,4.48,255,0.00,994.88,645.94,45.85,4,多云,38.94,1,西南,23.23,2022-09-17T15:00:00+08:00
40.77,35.60,2.38,252,0.00,994.32,425.98,0.00,0,晴,39.68,1,西南,23.69,2022-09-17T16:00:00+08:00
44.98,34.05,0.92,273,0.00,994.49,184.21,0.00,0,晴,38.35,0,西,23.99,2022-09-17T17:00:00+08:00
46.65,32.10,1.35,269,0.00,994.48,17.43,0.00,0,晴,35.85,1,西,22.30,2022-09-17T18:00:00+08:00
53.27,29.74,0.26,58,0.00,994.76,0.00,0.00,0,晴,33.51,0,东北,22.27,2022-09-17T19:00:00+08:00
57.09,28.83,0.16,176,0.00,995.20,0.00,0.00,0,晴,32.64,0,南,22.64,2022-09-17T20:00:00+08:00
62.89,28.13,0.85,327,0.00,995.69,0.00,0.00,0,晴,32.02,0,西北,23.95,2022-09-17T21:00:00+08:00
66.84,27.70,0.39,8,0.00,996.20,0.00,0.00,0,晴,31.82,0,北,24.83,2022-09-17T22:00:00+08:00
72.19,27.42,0.21,24,0.00,996.39,0.00,100.00,9,阴,31.86,0,东北,26.38,2022-09-17T23:00:00+08:00
73.92,27.33,0.12,248,0.00,996.33,0.00,100.00,9,阴,31.88,0,西南,26.87,2022-09-18T00:00:00+08:00
73.31,27.43,0.18,135,0.00,996.11,0.00,0.00,0,晴,31.96,0,东南,26.80,2022-09-18T01:00:00+08:00
73.89,27.17,0.10,171,0.00,995.85,0.00,0.00,0,晴,31.66,0,南,26.61,2022-09-18T02:00:00+08:00
75.49,26.71,0.57,239,0.00,995.78,0.00,0.00,0,晴,31.05,0,西南,26.46,2022-09-18T03:00:00+08:00
74.25,26.85,0.53,272,0.00,995.77,0.00,0.00,0,晴,31.16,0,西,26.24,2022-09-18T04:00:00+08:00
80.99,26.50,0.42,179,0.00,996.09,0.00,0.00,0,晴,31.17,0,南,28.04,2022-09-18T05:00:00+08:00
82.84,26.24,0.20,327,0.00,996.54,0.00,0.00,0,晴,30.97,0,西北,28.24,2022-09-18T06:00:00+08:00
82.18,26.57,0.25,165,0.00,997.01,58.03,0.00,0,晴,31.38,0,东南,28.57,2022-09-18T07:00:00+08:00
75.73,29.00,0.30,177,0.00,997.61,211.43,46.27,4,多云,34.32,0,南,30.33,2022-09-18T08:00:00+08:00
63.92,30.91,2.59,312,0.00,997.89,414.93,48.62,4,多云,35.60,1,西北,28.57,2022-09-18T09:00:00+08:00
58.07,32.18,2.49,297,0.00,997.93,683.60,48.62,4,多云,36.84,1,西北,27.89,2022-09-18T10:00:00+08:00
52.81,33.45,0.91,9,0.00,997.53,828.73,53.68,4,多云,38.36,0,北,27.24,2022-09-18T11:00:00+08:00
48.34,34.92,4.82,212,0.00,996.83,897.44,100.00,9,阴,39.19,1,西南,27.06,2022-09-18T12:00:00+08:00
45.39,36.14,4.06,279,0.00,995.69,885.90,0.00,0,晴,40.65,1,西,27.17,2022-09-18T13:00:00+08:00
44.45,36.24,4.94,278,0.00,994.75,793.27,46.14,4,多云,40.52,1,西,26.76,2022-09-18T14:00:00+08:00
40.60,36.83,0.95,341,0.00,994.08,629.83,40.29,4,多云,41.57,0,西北,25.24,2022-09-18T15:00:00+08:00
40.76,36.11,2.29,278,0.00,993.66,410.86,0.00,0,晴,40.38,1,西,24.36,2022-09-18T16:00:00+08:00
38.71,35.29,2.74,284,0.00,993.32,169.08,0.00,0,晴,38.97,1,西北,22.11,2022-09-18T17:00:00+08:00
43.73,32.73,0.27,284,0.00,993.58,16.09,0.00,0,晴,36.59,0,西北,21.66,2022-09-18T18:00:00+08:00
52.68,30.82,0.09,11,0.00,994.11,0.00,0.00,0,晴,34.93,0,北,23.42,2022-09-18T19:00:00+08:00
56.97,30.64,1.11,101,0.00,994.62,0.00,0.00,0,晴,34.88,1,东,25.07,2022-09-18T20:00:00+08:00
64.38,29.85,0.29,271,0.00,995.42,0.00,100.00,9,阴,34.59,0,西,27.08,2022-09-18T21:00:00+08:00
61.75,29.20,0.13,193,0.00,995.96,0.00,100.00,9,阴,33.51,0,西南,25.02,2022-09-18T22:00:00+08:00
64.21,29.46,0.87,190,0.00,995.73,0.00,100.00,9,阴,33.93,0,南,26.41,2022-09-18T23:00:00+08:00
80.99,27.66,2.00,107,1.30,996.83,0.00,100.00,13,小雨,32.52,1,东南,30.01,2022-09-19T00:00:00+08:00
85.33,25.53,0.69,73,0.95,995.94,0.00,100.00,13,小雨,30.06,0,东北,27.89,2022-09-19T01:00:00+08:00
85.04,25.36,0.25,170,0.00,995.79,0.00,100.00,9,阴,29.88,0,南,27.52,2022-09-19T02:00:00+08:00
85.51,25.40,0.92,122,0.00,995.76,0.00,100.00,9,阴,29.84,0,东南,27.74,2022-09-19T03:00:00+08:00
87.62,25.69,1.02,98,0.00,995.89,0.00,100.00,9,阴,30.37,1,东,28.92,2022-09-19T04:00:00+08:00
90.12,25.59,1.17,63,0.00,996.58,0.00,77.62,4,多云,30.37,1,东北,29.56,2022-09-19T05:00:00+08:00
88.39,26.05,1.38,141,0.00,996.95,0.00,100.00,9,阴,30.87,1,东南,29.80,2022-09-19T06:00:00+08:00
85.52,26.29,1.86,117,0.00,997.80,11.15,100.00,9,阴,30.92,1,东南,29.24,2022-09-19T07:00:00+08:00
80.48,27.08,0.21,241,0.00,998.09,63.96,68.44,4,多云,31.98,0,西南,28.83,2022-09-19T08:00:00+08:00
72.10,28.72,0.98,301,0.00,998.27,261.50,53.39,4,多云,33.52,0,西北,28.41,2022-09-19T09:00:00+08:00
66.59,30.51,2.52,286,0.00,998.31,663.46,53.39,4,多云,35.29,1,西北,29.09,2022-09-19T10:00:00+08:00
62.47,32.27,1.65,6,0.00,997.97,804.80,100.00,9,阴,37.54,1,北,30.16,2022-09-19T11:00:00+08:00
57.08,33.93,1.09,340,0.00,997.41,876.98,100.00,9,阴,39.44,1,西北,30.24,2022-09-19T12:00:00+08:00
49.82,35.20,1.08,345,0.00,996.55,864.95,47.14,4,多云,40.41,1,西北,28.32,2022-09-19T13:00:00+08:00
44.55,35.97,1.92,35,0.00,995.44,618.48,100.00,9,阴,40.71,1,东北,26.42,2022-09-19T14:00:00+08:00
47.00,34.90,1.33,141,0.00,994.83,361.86,100.00,9,阴,39.64,1,东南,26.28,2022-09-19T15:00:00+08:00
46.62,34.50,1.71,113,0.00,994.43,300.11,90.56,9,阴,38.99,1,东南,25.50,2022-09-19T16:00:00+08:00
41.90,34.01,0.79,33,0.00,994.24,152.52,53.12,4,多云,37.99,0,东北,22.30,2022-09-19T17:00:00+08:00
47.69,32.16,0.54,333,0.00,994.58,14.79,100.00,9,阴,36.17,0,西北,22.88,2022-09-19T18:00:00+08:00
55.62,30.27,0.65,286,0.00,995.39,0.00,100.00,9,阴,34.35,0,西北,23.97,2022-09-19T19:00:00+08:00
58.51,29.66,0.12,94,0.00,996.17,0.00,0.00,0,晴,33.87,0,东,24.34,2022-09-19T20:00:00+08:00
64.06,28.44,0.65,18,0.00,996.72,0.00,64.93,4,多云,32.57,0,东北,24.84,2022-09-19T21:00:00+08:00
70.44,28.08,0.71,324,0.00,997.16,0.00,53.46,4,多云,32.55,0,西北,26.75,2022-09-19T22:00:00+08:00
72.44,28.27,0.95,23,0.00,997.29,0.00,100.00,9,阴,32.92,0,东北,27.81,2022-09-19T23:00:00+08:00
72.87,27.91,0.62,352,0.00,997.51,0.00,100.00,9,阴,32.52,0,北,27.40,2022-09-20T00:00:00+08:00
72.27,28.05,0.91,53,0.00,997.35,0.00,0.00,0,晴,32.61,0,东北,27.40,2022-09-20T01:00:00+08:00
68.72,27.89,1.27,14,0.00,997.08,0.00,100.00,9,阴,32.06,1,东北,25.81,2022-09-20T02:00:00+08:00
71.66,27.63,0.88,34,0.00,996.90,0.00,100.00,9,阴,31.99,0,东北,26.51,2022-09-20T03:00:00+08:00
69.51,27.03,0.96,60,0.00,996.84,0.00,3.28,0,晴,31.00,0,东北,24.82,2022-09-20T04:00:00+08:00
76.42,26.84,1.53,36,0.00,997.15,0.00,0.00,0,晴,31.13,1,东北,26.99,2022-09-20T05:00:00+08:00
63.33,25.62,0.78,19,0.00,997.55,0.00,0.00,0,晴,28.72,0,东北,20.81,2022-09-20T06:00:00+08:00
60.27,25.61,1.11,62,0.00,998.06,61.08,0.00,0,晴,28.45,1,东北,19.80,2022-09-20T07:00:00+08:00
54.19,27.85,0.76,94,0.00,998.81,237.12,0.00,0,晴,31.01,0,东,20.30,2022-09-20T08:00:00+08:00
49.40,30.61,1.49,65,0.00,999.38,498.26,0.00,0,晴,34.11,1,东北,21.70,2022-09-20T09:00:00+08:00
46.38,31.98,2.97,22,0.00,999.60,705.49,0.00,0,晴,35.37,1,东北,22.03,2022-09-20T10:00:00+08:00
44.90,33.30,2.22,86,0.00,999.66,852.96,0.00,0,晴,37.11,1,东,22.97,2022-09-20T11:00:00+08:00
41.53,34.26,1.45,85,0.00,999.14,921.85,0.00,0,晴,38.16,1,东,22.41,2022-09-20T12:00:00+08:00
40.54,35.42,1.67,325,0.00,998.40,905.30,0.00,0,晴,39.55,1,西北,23.33,2022-09-20T13:00:00+08:00
37.59,35.53,3.69,358,0.00,997.54,812.35,34.27,0,晴,38.99,1,北,21.76,2022-09-20T14:00:00+08:00
38.45,35.48,1.36,62,0.00,996.82,489.45,41.17,4,多云,39.44,1,东北,22.20,2022-09-20T15:00:00+08:00
49.82,33.47,1.25,71,0.10,996.86,142.02,50.47,4,多云,38.01,1,东北,25.73,2022-09-20T16:00:00+08:00
59.37,27.64,3.31,149,1.64,997.51,52.35,100.00,13,小雨,30.66,1,东南,21.97,2022-09-20T17:00:00+08:00
65.82,28.30,3.90,152,0.00,998.73,19.93,100.00,9,阴,31.93,1,东南,25.32,2022-09-20T18:00:00+08:00
69.90,27.82,1.87,152,0.00,999.24,0.00,100.00,9,阴,31.94,1,东南,26.14,2022-09-20T19:00:00+08:00
74.15,27.57,0.40,95,0.00,1000.15,0.00,100.00,9,阴,32.18,0,东,27.33,2022-09-20T20:00:00+08:00
72.74,25.56,1.28,59,0.33,1000.96,0.00,100.00,13,小雨,29.17,1,东北,23.82,2022-09-20T21:00:00+08:00
73.31,25.81,1.23,82,0.00,1000.93,0.00,100.00,9,阴,29.55,1,东,24.37,2022-09-20T22:00:00+08:00
77.09,25.85,0.50,43,0.00,1001.39,0.00,100.00,9,阴,29.99,0,东北,25.68,2022-09-20T23:00:00+08:00
76.35,25.92,1.14,76,0.00,1001.14,0.00,100.00,9,阴,29.92,1,东北,25.54,2022-09-21T00:00:00+08:00
77.86,25.62,1.35,57,0.00,1000.89,0.00,100.00,9,阴,29.57,1,东北,25.59,2022-09-21T01:00:00+08:00
77.57,25.67,1.42,56,0.00,1000.75,0.00,0.55,0,晴,29.61,1,东北,25.57,2022-09-21T02:00:00+08:00
77.75,25.70,1.56,22,0.00,1000.28,0.00,7.36,0,晴,29.64,1,东北,25.67,2022-09-21T03:00:00+08:00
77.03,25.51,0.23,320,0.00,1000.20,0.00,100.00,9,阴,29.57,0,西北,25.15,2022-09-21T04:00:00+08:00
78.33,25.65,1.14,60,0.00,1000.50,0.00,100.00,9,阴,29.68,1,东北,25.79,2022-09-21T05:00:00+08:00
79.03,25.68,0.61,27,0.00,1000.87,0.00,100.00,9,阴,29.86,0,东北,26.07,2022-09-21T06:00:00+08:00
79.31,25.85,1.04,41,0.00,1001.43,26.20,100.00,9,阴,30.04,1,东北,26.42,2022-09-21T07:00:00+08:00
78.92,27.11,2.35,49,0.00,1002.03,70.17,100.00,9,阴,31.53,1,东北,28.32,2022-09-21T08:00:00+08:00
73.26,28.29,1.83,75,0.00,1002.58,189.43,100.00,9,阴,32.85,1,东北,28.16,2022-09-21T09:00:00+08:00
65.87,29.11,2.25,67,0.00,1002.52,440.02,100.00,9,阴,33.33,1,东北,26.55,2022-09-21T10:00:00+08:00
60.02,29.77,1.57,143,0.00,1002.24,595.13,100.00,9,阴,33.88,1,东南,25.13,2022-09-21T11:00:00+08:00
57.27,31.28,2.08,68,0.00,1001.64,749.09,100.00,9,阴,35.60,1,东北,26.14,2022-09-21T12:00:00+08:00
52.97,31.35,2.18,95,0.00,1001.03,365.84,100.00,9,阴,35.29,1,东,24.27,2022-09-21T13:00:00+08:00
51.93,31.95,2.68,100,0.00,1000.22,525.39,68.79,4,多云,35.91,1,东,24.62,2022-09-21T14:00:00+08:00
48.44,32.58,2.53,74,0.00,999.45,524.70,73.22,4,多云,36.45,1,东北,23.80,2022-09-21T15:00:00+08:00
51.38,32.10,3.53,118,0.00,999.05,287.21,47.02,4,多云,35.91,1,东南,24.57,2022-09-21T16:00:00+08:00
58.13,31.23,3.97,116,0.00,999.37,144.78,37.06,0,晴,35.27,1,东南,26.46,2022-09-21T17:00:00+08:00
59.55,30.16,1.30,88,0.00,999.37,12.68,100.00,9,阴,34.42,1,东,25.50,2022-09-21T18:00:00+08:00
59.76,28.43,2.52,106,0.00,999.83,0.00,100.00,9,阴,31.88,1,东南,23.16,2022-09-21T19:00:00+08:00
64.06,28.07,0.82,150,0.00,1000.87,0.00,100.00,9,阴,32.03,0,东南,24.31,2022-09-21T20:00:00+08:00
68.79,27.04,1.02,120,0.00,1001.81,0.00,100.00,9,阴,30.95,1,东南,24.58,2022-09-21T21:00:00+08:00
69.92,26.33,0.71,157,0.00,1002.53,0.00,100.00,9,阴,30.12,0,东南,23.96,2022-09-21T22:00:00+08:00
74.16,26.02,0.72,126,0.00,1002.75,0.00,100.00,9,阴,29.99,0,东南,24.96,2022-09-21T23:00:00+08:00
73.43,25.65,0.61,130,0.00,1002.71,0.00,100.00,9,阴,29.46,0,东南,24.18,2022-09-22T00:00:00+08:00
75.88,25.20,0.59,141,0.00,1002.59,0.00,100.00,9,阴,29.01,0,东南,24.32,2022-09-22T01:00:00+08:00
76.42,25.18,1.17,173,0.00,1002.39,0.00,66.82,4,多云,28.91,1,南,24.47,2022-09-22T02:00:00+08:00
77.26,25.08,1.24,171,0.00,1002.10,0.00,66.82,4,多云,28.82,1,南,24.59,2022-09-22T03:00:00+08:00
72.29,24.83,0.78,155,0.00,1001.61,0.00,53.75,4,多云,28.25,0,东南,22.67,2022-09-22T04:00:00+08:00
74.15,24.76,0.31,116,0.00,1001.78,0.00,59.15,4,多云,28.35,0,东南,23.15,2022-09-22T05:00:00+08:00
76.75,24.76,0.83,164,0.00,1002.00,0.00,64.48,4,多云,28.42,0,东南,23.97,2022-09-22T06:00:00+08:00
76.98,25.36,0.60,114,0.00,1002.27,47.61,65.49,4,多云,29.29,0,东南,24.91,2022-09-22T07:00:00+08:00
73.71,26.80,0.93,107,0.00,1002.39,169.99,100.00,9,阴,30.99,0,东南,25.97,2022-09-22T08:00:00+08:00
67.58,28.35,0.54,89,0.00,1002.64,328.53,100.00,9,阴,32.73,0,东,26.07,2022-09-22T09:00:00+08:00
63.92,29.78,0.61,139,0.00,1002.75,554.60,100.00,9,阴,34.39,0,东南,26.78,2022-09-22T10:00:00+08:00
59.39,30.16,1.69,351,0.00,1002.56,528.39,100.00,9,阴,34.33,1,北,25.43,2022-09-22T11:00:00+08:00
57.08,31.47,1.18,9,0.00,1002.03,556.46,100.00,9,阴,36.01,1,北,26.34,2022-09-22T12:00:00+08:00
53.28,32.32,1.84,238,0.00,1001.05,503.23,100.00,9,阴,36.69,1,西南,25.79,2022-09-22T13:00:00+08:00
52.17,31.51,2.00,79,0.00,1000.26,527.03,100.00,9,阴,35.46,1,东,24.13,2022-09-22T14:00:00+08:00
49.21,32.67,1.15,259,0.00,999.60,437.35,100.00,9,阴,36.89,1,西,24.30,2022-09-22T15:00:00+08:00
50.26,32.02,3.16,197,0.00,999.37,342.79,0.00,0,晴,35.76,1,西南,23.92,2022-09-22T16:00:00+08:00
50.95,31.51,2.13,216,0.00,999.35,156.88,0.00,0,晴,35.33,1,西南,23.56,2022-09-22T17:00:00+08:00
55.51,30.04,0.97,248,0.00,999.59,11.29,0.00,0,晴,33.97,0,西南,23.61,2022-09-22T18:00:00+08:00
63.71,28.08,0.24,161,0.00,1000.18,0.00,0.00,0,晴,32.12,0,东南,24.19,2022-09-22T19:00:00+08:00
75.54,26.72,1.53,54,0.92,1001.26,0.00,100.00,13,小雨,30.90,1,东北,26.49,2022-09-22T20:00:00+08:00
78.74,25.70,2.75,165,3.96,1002.54,0.00,82.70,14,中雨,29.49,1,东南,26.00,2022-09-22T21:00:00+08:00
86.94,24.27,0.42,145,0.95,1002.60,0.00,100.00,13,小雨,28.45,0,东南,26.36,2022-09-22T22:00:00+08:00
87.58,24.25,0.41,52,0.00,1002.55,0.00,7.93,0,晴,28.47,0,东北,26.53,2022-09-22T23:00:00+08:00
89.24,24.40,0.39,166,0.00,1002.25,0.00,7.93,0,晴,28.78,0,东南,27.27,2022-09-23T00:00:00+08:00
89.65,23.99,0.35,28,0.00,1001.70,0.00,2.80,0,晴,28.24,0,东北,26.73,2022-09-23T01:00:00+08:00
89.79,23.59,0.81,339,0.00,1001.29,0.00,0.00,0,晴,27.60,0,西北,26.14,2022-09-23T02:00:00+08:00
90.06,23.70,0.48,18,0.00,1001.27,0.00,3.81,0,晴,27.84,0,东北,26.39,2022-09-23T03:00:00+08:00
90.39,23.50,0.24,52,0.00,1001.05,0.00,100.00,9,阴,27.62,0,东北,26.17,2022-09-23T04:00:00+08:00
91.92,23.22,0.16,276,0.00,1001.18,0.00,10.03,0,晴,27.34,0,西,26.17,2022-09-23T05:00:00+08:00
92.91,23.26,0.11,12,0.00,1001.45,0.00,100.00,9,阴,27.46,0,东北,26.51,2022-09-23T06:00:00+08:00
92.29,23.84,0.96,20,0.00,1001.93,50.29,100.00,9,阴,28.07,0,东北,27.27,2022-09-23T07:00:00+08:00
79.48,26.92,2.60,330,0.00,1003.05,373.20,46.17,4,多云,31.26,1,西北,28.20,2022-09-23T09:00:00+08:00
71.24,28.83,2.58,16,0.00,1003.13,605.31,46.17,4,多云,33.31,1,东北,28.26,2022-09-23T10:00:00+08:00
62.03,30.29,1.92,72,0.00,1003.02,721.71,100.00,9,阴,34.70,1,东北,26.76,2022-09-23T11:00:00+08:00
58.70,31.66,2.69,45,0.00,1002.40,889.05,47.71,4,多云,36.15,1,东北,27.38,2022-09-23T12:00:00+08:00
55.54,32.07,3.07,40,0.00,1001.52,627.32,62.53,4,多云,36.35,1,东北,26.51,2022-09-23T13:00:00+08:00
50.82,32.87,2.98,52,0.00,1000.73,592.33,91.59,9,阴,36.99,1,东北,25.38,2022-09-23T14:00:00+08:00
52.19,32.45,7.23,57,0.00,997.78,418.57,75.94,4,多云,35.79,2,东北,25.45,2022-09-23T15:00:00+08:00
50.20,31.90,1.67,33,0.00,999.50,342.05,88.47,9,阴,35.86,1,东北,23.73,2022-09-23T16:00:00+08:00
54.88,31.55,2.79,47,0.00,999.81,151.41,0.00,0,晴,35.62,1,东北,25.44,2022-09-23T17:00:00+08:00
57.84,30.37,1.01,2,0.00,1000.03,12.71,100.00,9,阴,34.61,1,北,25.07,2022-09-23T18:00:00+08:00
59.10,28.70,0.81,5,0.00,1000.35,0.00,100.00,9,阴,32.50,0,北,23.26,2022-09-23T19:00:00+08:00
63.32,27.72,0.46,29,0.00,1000.95,0.00,100.00,9,阴,31.57,0,东北,23.55,2022-09-23T20:00:00+08:00
62.72,27.52,0.79,69,0.00,1001.88,0.00,100.00,9,阴,31.20,0,东北,23.05,2022-09-23T21:00:00+08:00
63.17,27.09,0.65,50,0.00,1002.63,0.00,100.00,9,阴,30.68,0,东北,22.64,2022-09-23T22:00:00+08:00
61.90,27.00,0.86,42,0.00,1002.46,0.00,100.00,9,阴,30.43,0,东北,22.07,2022-09-23T23:00:00+08:00
62.44,26.99,1.01,33,0.00,1002.39,0.00,100.00,9,阴,30.43,1,东北,22.25,2022-09-24T00:00:00+08:00
62.60,26.89,1.55,43,0.00,1002.09,0.00,100.00,9,阴,30.21,1,东北,22.17,2022-09-24T01:00:00+08:00
66.09,28.22,2.79,59,0.00,1001.64,0.00,100.00,9,阴,32.03,1,东北,25.30,2022-09-24T02:00:00+08:00
68.38,27.47,1.61,55,0.00,1001.48,0.00,100.00,9,阴,31.40,1,东北,25.06,2022-09-24T03:00:00+08:00
67.34,26.49,1.96,354,0.00,1001.52,0.00,0.00,0,晴,29.94,1,北,23.30,2022-09-24T04:00:00+08:00
66.36,25.41,1.38,30,0.00,1001.71,0.00,0.00,0,晴,28.54,1,东北,21.54,2022-09-24T05:00:00+08:00
63.33,23.97,1.18,35,0.00,1002.02,0.00,0.00,0,晴,26.50,1,东北,18.86,2022-09-24T06:00:00+08:00
63.08,24.42,0.73,0,0.00,1002.64,57.65,0.00,0,晴,27.15,0,北,19.30,2022-09-24T07:00:00+08:00
63.83,26.50,2.24,10,0.00,1003.27,218.39,0.00,0,晴,29.66,1,北,22.10,2022-09-24T08:00:00+08:00
55.46,28.19,1.86,27,0.00,1003.94,482.10,0.00,0,晴,31.35,1,东北,21.20,2022-09-24T09:00:00+08:00
49.51,29.54,3.05,83,0.00,1003.87,687.34,0.00,0,晴,32.43,1,东,20.46,2022-09-24T10:00:00+08:00
47.06,31.20,4.04,14,0.00,1003.63,831.05,0.00,0,晴,34.22,1,东北,21.38,2022-09-24T11:00:00+08:00
45.63,32.46,2.88,66,0.00,1002.73,902.14,0.00,0,晴,35.95,1,东北,22.26,2022-09-24T12:00:00+08:00
43.26,33.13,2.46,73,0.00,1001.79,887.49,0.00,0,晴,36.68,1,东北,21.92,2022-09-24T13:00:00+08:00
41.27,33.58,2.51,27,0.00,1000.76,790.40,74.57,4,多云,37.05,1,东北,21.44,2022-09-24T14:00:00+08:00
41.94,33.59,2.40,113,0.00,1000.18,427.96,68.01,4,多云,37.15,1,东南,21.80,2022-09-24T15:00:00+08:00
44.60,32.64,2.41,305,0.00,1000.01,248.22,67.75,4,多云,36.17,1,西北,21.98,2022-09-24T16:00:00+08:00
46.48,30.90,1.33,40,0.00,1000.05,143.74,67.74,4,多云,34.26,1,东北,20.76,2022-09-24T17:00:00+08:00
50.95,29.93,0.89,26,0.00,1000.11,19.52,58.78,4,多云,33.45,0,东北,21.53,2022-09-24T18:00:00+08:00
56.01,28.63,1.01,138,0.00,1000.65,0.00,58.78,4,多云,32.13,1,东南,21.96,2022-09-24T19:00:00+08:00
58.05,27.94,1.86,132,0.00,1001.07,0.00,100.00,9,阴,31.22,1,东南,21.86,2022-09-24T20:00:00+08:00
60.51,29.24,2.29,115,0.00,1001.65,0.00,100.00,9,阴,33.07,1,东南,24.57,2022-09-24T21:00:00+08:00
63.15,27.76,0.58,62,0.00,1002.01,0.00,0.00,0,晴,31.59,0,东北,23.54,2022-09-24T22:00:00+08:00
66.92,27.04,0.68,54,0.00,1002.00,0.00,0.00,0,晴,30.88,0,东北,23.91,2022-09-24T23:00:00+08:00
70.49,26.13,1.04,58,0.00,1001.83,0.00,0.00,0,晴,29.83,1,东北,23.88,2022-09-25T00:00:00+08:00
73.66,25.73,0.73,17,0.00,1001.45,0.00,100.00,9,阴,29.56,0,东北,24.37,2022-09-25T01:00:00+08:00
77.73,25.71,0.61,41,0.00,1000.94,0.00,100.00,9,阴,29.82,0,东北,25.68,2022-09-25T02:00:00+08:00
77.71,25.07,0.82,56,0.00,1000.45,0.00,100.00,9,阴,28.90,0,东北,24.72,2022-09-25T03:00:00+08:00
80.25,24.61,0.51,51,0.00,1000.35,0.00,100.00,9,阴,28.49,0,东北,24.84,2022-09-25T04:00:00+08:00
82.76,24.25,1.29,67,0.00,1000.75,0.00,100.00,9,阴,28.01,1,东北,25.07,2022-09-25T05:00:00+08:00
80.45,24.08,1.19,59,0.00,1001.28,0.00,100.00,9,阴,27.66,1,东北,24.12,2022-09-25T06:00:00+08:00
81.24,24.19,0.73,8,0.00,1002.93,57.60,100.00,9,阴,27.94,0,北,24.52,2022-09-25T07:00:00+08:00
75.25,26.52,0.70,194,0.00,1002.96,234.63,0.00,0,晴,30.75,0,西南,26.08,2022-09-25T08:00:00+08:00
61.25,28.63,2.24,352,0.00,1003.24,484.65,0.00,0,晴,32.32,1,北,24.01,2022-09-25T09:00:00+08:00
52.98,30.68,4.06,37,0.00,1003.25,689.94,0.00,0,晴,34.05,1,东北,23.37,2022-09-25T10:00:00+08:00
48.64,32.13,4.88,28,0.00,1003.06,838.16,0.00,0,晴,35.44,1,东北,23.30,2022-09-25T11:00:00+08:00
45.46,33.18,2.48,49,0.00,1002.28,904.79,0.00,0,晴,36.96,1,东北,23.10,2022-09-25T12:00:00+08:00
44.06,34.03,2.62,54,0.00,1001.35,889.63,0.00,0,晴,37.92,1,东北,23.47,2022-09-25T13:00:00+08:00
42.60,34.42,2.97,348,0.00,1000.35,637.39,53.13,4,多云,38.21,1,西北,23.19,2022-09-25T14:00:00+08:00
42.99,33.79,1.08,95,0.00,999.63,626.26,0.00,0,晴,37.76,1,东,22.60,2022-09-25T15:00:00+08:00
45.29,34.13,1.89,21,0.00,999.41,368.39,0.00,0,晴,38.32,1,东北,24.26,2022-09-25T16:00:00+08:00
46.62,33.11,1.90,33,0.00,999.16,153.48,0.00,0,晴,37.09,1,东北,23.59,2022-09-25T17:00:00+08:00
45.67,30.79,1.20,2,0.00,999.15,9.20,0.00,0,晴,34.07,1,北,20.27,2022-09-25T18:00:00+08:00
49.90,28.87,0.18,62,0.00,999.62,0.00,0.00,0,晴,32.11,0,东北,19.84,2022-09-25T19:00:00+08:00
53.38,27.35,0.36,123,0.00,1000.13,0.00,0.00,0,晴,30.37,0,东南,19.42,2022-09-25T20:00:00+08:00
60.28,27.19,0.50,78,0.00,1000.47,0.00,0.00,0,晴,30.64,0,东北,21.73,2022-09-25T21:00:00+08:00
64.77,26.16,0.39,70,0.00,1000.89,0.00,0.00,0,晴,29.60,0,东北,21.98,2022-09-25T22:00:00+08:00
69.70,25.53,0.31,106,0.00,1001.06,0.00,0.00,0,晴,29.10,0,东南,22.78,2022-09-25T23:00:00+08:00
71.50,25.35,2.03,84,0.00,1000.92,0.00,0.00,0,晴,28.67,1,东,23.12,2022-09-26T00:00:00+08:00
72.71,25.17,0.75,51,0.00,1000.68,0.00,0.00,0,晴,28.73,0,东北,23.27,2022-09-26T01:00:00+08:00
71.09,24.84,0.56,24,0.00,999.95,0.00,0.00,0,晴,28.22,0,东北,22.30,2022-09-26T02:00:00+08:00
73.01,24.60,0.71,69,0.00,999.93,0.00,0.00,0,晴,28.00,0,东北,22.58,2022-09-26T03:00:00+08:00
76.65,24.22,1.60,81,0.00,1000.07,0.00,0.00,0,晴,27.55,1,东,23.17,2022-09-26T04:00:00+08:00
76.51,23.74,0.81,70,0.00,1000.22,0.00,0.00,0,晴,27.03,0,东北,22.47,2022-09-26T05:00:00+08:00
75.38,23.58,0.84,48,0.00,1000.60,0.00,0.00,0,晴,26.75,0,东北,21.93,2022-09-26T06:00:00+08:00
52.44,28.85,3.20,352,0.00,1002.01,497.06,0.00,0,晴,31.74,1,北,20.82,2022-09-26T09:00:00+08:00
45.59,30.63,3.49,2,0.00,1002.16,703.17,0.00,0,晴,33.44,1,北,20.05,2022-09-26T10:00:00+08:00
43.06,32.01,2.87,45,0.00,1001.97,842.77,0.00,0,晴,35.11,1,东北,20.48,2022-09-26T11:00:00+08:00
40.80,33.62,4.19,8,0.00,1001.17,908.91,0.00,0,晴,36.75,1,北,21.25,2022-09-26T12:00:00+08:00
40.15,34.23,2.00,32,0.00,1000.30,893.24,0.00,0,晴,37.87,1,东北,21.63,2022-09-26T13:00:00+08:00
38.85,34.91,2.58,70,0.00,999.22,794.48,0.00,0,晴,38.52,1,东北,21.73,2022-09-26T14:00:00+08:00
38.39,34.87,2.42,62,0.00,998.33,626.10,0.00,0,晴,38.45,1,东北,21.43,2022-09-26T15:00:00+08:00
38.35,34.37,2.91,22,0.00,997.67,401.90,0.00,0,晴,37.70,1,东北,20.82,2022-09-26T16:00:00+08:00
41.02,33.53,2.72,358,0.00,997.58,158.18,0.00,0,晴,36.92,1,北,21.25,2022-09-26T17:00:00+08:00
44.22,30.70,0.80,339,0.00,997.60,8.52,0.00,0,晴,33.90,0,西北,19.53,2022-09-26T18:00:00+08:00
48.95,28.61,1.32,63,0.00,998.01,0.00,0.00,0,晴,31.49,1,东北,19.17,2022-09-26T19:00:00+08:00
58.19,27.54,0.47,98,0.00,998.59,0.00,0.00,0,晴,30.95,0,东,21.41,2022-09-26T20:00:00+08:00
58.94,26.28,0.27,7,0.00,999.05,0.00,0.00,0,晴,29.39,0,北,20.14,2022-09-26T21:00:00+08:00
64.88,26.03,0.46,81,0.00,999.45,0.00,0.00,0,晴,29.42,0,东,21.85,2022-09-26T22:00:00+08:00
65.36,25.61,0.94,334,0.00,999.26,0.00,0.00,0,晴,28.81,0,西北,21.47,2022-09-26T23:00:00+08:00
66.88,25.41,1.08,22,0.00,999.08,0.00,0.00,0,晴,28.62,1,东北,21.71,2022-09-27T00:00:00+08:00
70.09,25.06,0.62,105,0.00,998.80,0.00,0.00,0,晴,28.45,0,东南,22.28,2022-09-27T01:00:00+08:00
74.25,24.72,1.61,31,0.00,998.34,0.00,0.00,0,晴,28.07,1,东北,23.13,2022-09-27T02:00:00+08:00
74.25,24.46,0.84,19,0.00,998.41,0.00,85.17,9,阴,27.86,0,东北,22.77,2022-09-27T03:00:00+08:00
73.69,24.29,1.06,22,0.00,998.32,0.00,0.00,0,晴,27.56,1,东北,22.37,2022-09-27T04:00:00+08:00
74.26,24.15,0.66,16,0.00,998.54,0.00,0.00,0,晴,27.48,0,东北,22.36,2022-09-27T05:00:00+08:00
71.54,24.81,1.07,42,0.00,999.12,0.00,0.00,0,晴,28.12,1,东北,22.41,2022-09-27T06:00:00+08:00
67.32,25.13,0.39,17,0.00,999.29,56.50,0.00,0,晴,28.40,0,东北,21.49,2022-09-27T07:00:00+08:00
57.08,26.68,1.50,28,0.00,999.90,244.34,0.00,0,晴,29.56,1,东北,19.97,2022-09-27T08:00:00+08:00
49.10,30.24,2.70,65,0.00,1000.41,485.22,71.92,4,多云,33.38,1,东北,21.12,2022-09-27T09:00:00+08:00
43.71,31.60,3.72,31,0.00,1000.76,629.29,71.92,4,多云,34.49,1,东北,20.32,2022-09-27T10:00:00+08:00
45.64,32.81,2.83,53,0.00,1000.21,818.95,54.93,4,多云,36.42,1,东北,22.71,2022-09-27T11:00:00+08:00
45.45,33.69,3.69,33,0.00,999.63,881.81,67.02,4,多云,37.42,1,东北,23.76,2022-09-27T12:00:00+08:00
45.68,34.17,2.75,67,0.00,998.50,644.11,0.00,0,晴,38.26,1,东北,24.53,2022-09-27T13:00:00+08:00
45.89,34.53,3.62,96,0.00,997.49,628.05,64.14,4,多云,38.60,1,东,25.14,2022-09-27T14:00:00+08:00
45.17,34.28,3.17,91,0.00,996.52,439.29,67.15,4,多云,38.27,1,东,24.40,2022-09-27T15:00:00+08:00
47.66,33.43,2.19,21,0.00,996.16,142.51,50.11,4,多云,37.57,1,东北,24.56,2022-09-27T16:00:00+08:00
48.29,33.01,2.57,73,0.00,996.51,101.24,78.83,4,多云,37.00,1,东北,24.30,2022-09-27T17:00:00+08:00
50.34,31.30,0.48,63,0.00,997.00,7.04,80.33,9,阴,35.29,0,东北,23.00,2022-09-27T18:00:00+08:00
52.89,29.66,1.33,66,0.00,997.14,0.00,80.33,9,阴,33.18,1,东北,22.01,2022-09-27T19:00:00+08:00
57.57,28.94,1.12,51,0.00,997.57,0.00,100.00,9,阴,32.65,1,东北,22.98,2022-09-27T20:00:00+08:00
60.72,27.79,0.83,27,0.00,998.27,0.00,100.00,9,阴,31.41,0,东北,22.67,2022-09-27T21:00:00+08:00
65.42,27.24,0.83,57,0.00,999.07,0.00,100.00,9,阴,31.01,0,东北,23.65,2022-09-27T22:00:00+08:00
66.55,27.06,0.18,314,0.00,998.98,0.00,100.00,9,阴,30.97,0,西北,23.81,2022-09-27T23:00:00+08:00
70.07,26.83,1.36,89,0.00,998.86,0.00,100.00,9,阴,30.69,1,东,24.73,2022-09-28T00:00:00+08:00
73.31,27.12,1.99,35,0.00,998.39,0.00,100.00,9,阴,31.21,1,东北,26.32,2022-09-28T01:00:00+08:00
71.10,27.61,0.89,76,0.00,997.91,0.00,100.00,9,阴,31.92,0,东北,26.27,2022-09-28T02:00:00+08:00
71.31,27.13,1.17,32,0.00,997.81,0.00,100.00,9,阴,31.23,1,东北,25.62,2022-09-28T03:00:00+08:00
71.37,27.05,0.94,79,0.00,997.71,0.00,89.36,9,阴,31.16,0,东,25.52,2022-09-28T04:00:00+08:00
70.22,28.06,1.42,43,0.00,998.03,0.00,100.00,9,阴,32.38,1,东北,26.63,2022-09-28T05:00:00+08:00
72.01,27.99,2.82,83,0.00,998.36,0.00,85.28,9,阴,32.17,1,东,27.20,2022-09-28T06:00:00+08:00
73.56,28.24,2.48,76,0.00,998.49,17.64,85.28,9,阴,32.69,1,东北,28.19,2022-09-28T07:00:00+08:00
70.36,28.81,2.33,60,0.00,999.06,138.06,91.64,9,阴,33.26,1,东北,27.87,2022-09-28T08:00:00+08:00
65.16,30.32,3.63,67,0.00,999.65,301.96,91.64,9,阴,34.70,1,东北,28.16,2022-09-28T09:00:00+08:00
58.71,31.10,3.00,112,0.00,1000.17,435.53,100.00,9,阴,35.32,1,东南,26.52,2022-09-28T10:00:00+08:00
53.30,32.14,3.35,122,0.00,1000.02,665.08,99.69,9,阴,36.18,1,东南,25.54,2022-09-28T11:00:00+08:00
50.32,33.00,3.12,21,0.00,998.97,678.35,78.62,4,多云,37.09,1,东北,25.31,2022-09-28T12:00:00+08:00
47.65,33.84,3.54,86,0.00,998.40,730.41,67.77,4,多云,37.88,1,东,25.12,2022-09-28T13:00:00+08:00
45.28,33.66,3.27,62,0.00,997.70,483.95,52.22,4,多云,37.43,1,东北,23.63,2022-09-28T14:00:00+08:00
44.61,33.38,2.15,92,0.00,997.19,284.94,40.68,4,多云,37.19,1,东,22.92,2022-09-28T15:00:00+08:00
45.50,33.15,3.37,151,0.00,997.85,284.86,50.42,4,多云,36.76,1,东南,23.08,2022-09-28T16:00:00+08:00
45.54,32.93,3.50,115,0.00,997.54,143.30,78.70,4,多云,36.45,1,东南,22.82,2022-09-28T17:00:00+08:00
48.17,31.25,2.07,98,0.00,997.78,10.40,43.95,4,多云,34.74,1,东,21.95,2022-09-28T18:00:00+08:00
51.23,29.13,0.33,110,0.00,998.02,0.00,43.95,4,多云,32.53,0,东南,20.67,2022-09-28T19:00:00+08:00
52.87,28.04,2.21,113,0.00,998.73,0.00,100.00,9,阴,30.90,1,东南,20.03,2022-09-28T20:00:00+08:00
58.45,28.07,1.47,46,0.00,999.07,0.00,100.00,9,阴,31.49,1,东北,22.18,2022-09-28T21:00:00+08:00
62.36,26.89,1.29,68,0.00,999.82,0.00,31.68,0,晴,30.24,1,东北,22.09,2022-09-28T22:00:00+08:00
63.89,27.01,1.10,90,0.00,1000.27,0.00,37.90,0,晴,30.54,1,东,22.79,2022-09-28T23:00:00+08:00
66.43,26.42,0.67,72,0.00,1000.05,0.00,37.90,0,晴,30.01,0,东北,22.89,2022-09-29T00:00:00+08:00
70.86,26.97,1.62,110,0.00,999.70,0.00,0.00,0,晴,30.89,1,东南,25.22,2022-09-29T01:00:00+08:00
73.91,26.34,1.19,51,0.00,999.17,0.00,100.00,9,阴,30.32,1,东北,25.35,2022-09-29T02:00:00+08:00
73.46,25.71,0.91,33,0.00,998.92,0.00,100.00,9,阴,29.49,0,东北,24.27,2022-09-29T03:00:00+08:00
71.93,26.32,1.36,88,0.00,999.15,0.00,62.87,4,多云,30.13,1,东,24.64,2022-09-29T04:00:00+08:00
71.39,26.70,2.16,89,0.00,999.31,0.00,0.00,0,晴,30.47,1,东,25.01,2022-09-29T05:00:00+08:00
71.67,27.03,2.20,129,0.00,1000.17,0.00,68.16,4,多云,30.93,1,东南,25.60,2022-09-29T06:00:00+08:00
72.97,27.50,1.21,94,0.00,1001.08,38.08,68.16,4,多云,31.84,1,东,26.79,2022-09-29T07:00:00+08:00
72.06,28.17,1.94,139,0.00,1001.84,159.01,40.22,4,多云,32.57,1,东南,27.51,2022-09-29T08:00:00+08:00
67.59,29.19,4.15,73,0.00,1002.24,235.77,25.57,0,晴,33.24,1,东北,27.37,2022-09-29T09:00:00+08:00
58.15,30.50,3.75,108,0.00,1002.32,555.43,25.57,0,晴,34.32,1,东南,25.39,2022-09-29T10:00:00+08:00
53.88,31.95,4.25,119,0.00,1001.93,654.74,29.88,0,晴,35.81,1,东南,25.54,2022-09-29T11:00:00+08:00
51.71,31.84,3.91,123,0.00,1001.31,539.96,37.80,0,晴,35.52,1,东南,24.36,2022-09-29T12:00:00+08:00
51.81,32.02,2.76,170,0.00,1000.68,624.65,60.97,4,多云,35.98,1,南,24.66,2022-09-29T13:00:00+08:00
48.12,33.19,2.83,145,0.00,999.82,560.53,50.81,4,多云,37.17,1,东南,24.46,2022-09-29T14:00:00+08:00
47.83,33.71,2.31,59,0.00,998.79,362.34,41.23,4,多云,37.94,1,东北,25.03,2022-09-29T15:00:00+08:00
49.83,32.32,2.89,75,0.00,998.59,146.21,75.09,4,多云,36.17,1,东北,24.12,2022-09-29T16:00:00+08:00
56.75,32.30,2.45,136,0.00,998.70,107.49,60.49,4,多云,36.89,1,东南,27.44,2022-09-29T17:00:00+08:00
55.39,31.54,2.33,143,0.00,998.92,5.93,100.00,9,阴,35.74,1,东南,25.66,2022-09-29T18:00:00+08:00
59.49,30.20,2.42,190,0.00,999.28,0.00,100.00,9,阴,34.27,1,南,25.53,2022-09-29T19:00:00+08:00
63.95,28.18,0.36,239,0.00,1000.23,0.00,95.69,9,阴,32.26,0,西南,24.43,2022-09-29T20:00:00+08:00
67.85,27.73,0.17,185,0.00,1001.15,0.00,95.69,9,阴,31.97,0,南,25.24,2022-09-29T21:00:00+08:00
67.18,27.00,0.53,239,0.00,1001.98,0.00,100.00,9,阴,30.87,0,西南,23.95,2022-09-29T22:00:00+08:00
69.82,26.57,1.19,148,0.00,1002.18,0.00,20.14,0,晴,30.35,1,东南,24.27,2022-09-29T23:00:00+08:00
72.90,26.25,0.51,101,0.00,1002.37,0.00,20.14,0,晴,30.25,0,东,24.87,2022-09-30T00:00:00+08:00
74.09,25.94,1.37,70,0.00,1002.27,0.00,51.39,4,多云,29.76,1,东北,24.82,2022-09-30T01:00:00+08:00
75.71,25.83,1.39,60,0.00,1002.43,0.00,77.66,4,多云,29.71,1,东北,25.19,2022-09-30T02:00:00+08:00
74.38,25.84,2.00,75,0.00,1002.28,0.00,100.00,9,阴,29.52,1,东北,24.77,2022-09-30T03:00:00+08:00
75.37,26.57,2.19,79,0.00,1002.39,0.00,100.00,9,阴,30.56,1,东,26.20,2022-09-30T04:00:00+08:00
75.28,26.36,2.52,73,0.00,1002.13,0.00,100.00,9,阴,30.20,1,东北,25.85,2022-09-30T05:00:00+08:00
77.59,26.28,1.53,26,0.00,1002.45,0.00,34.33,0,晴,30.43,1,东北,26.51,2022-09-30T06:00:00+08:00
76.59,26.94,2.23,86,0.00,1002.71,35.28,34.33,0,晴,31.15,1,东,27.21,2022-09-30T07:00:00+08:00
72.10,28.12,2.32,87,0.00,1003.18,156.96,100.00,9,阴,32.44,1,东,27.44,2022-09-30T08:00:00+08:00
65.96,29.00,4.74,64,0.00,1003.91,172.21,100.00,9,阴,32.74,1,东北,26.42,2022-09-30T09:00:00+08:00
63.20,30.14,3.28,101,0.00,1003.87,412.21,100.00,9,阴,34.35,1,东,27.03,2022-09-30T10:00:00+08:00
56.82,30.90,5.22,117,0.00,1003.69,514.81,100.00,9,阴,34.48,1,东南,25.38,2022-09-30T11:00:00+08:00
56.36,31.61,4.82,96,0.00,1002.96,268.32,52.01,4,多云,35.48,1,东,26.21,2022-09-30T12:00:00+08:00
65.49,30.54,4.97,95,0.00,1002.59,275.41,100.00,9,阴,34.79,1,东,28.66,2022-09-30T13:00:00+08:00
77.34,28.12,1.54,204,0.52,1001.81,459.81,100.00,13,小雨,32.98,1,西南,29.44,2022-09-30T14:00:00+08:00
89.05,25.92,2.70,174,6.81,1001.71,278.39,100.00,14,中雨,30.49,1,南,29.79,2022-09-30T15:00:00+08:00
86.12,26.43,2.96,151,0.00,1001.95,101.78,90.01,9,阴,30.97,1,东南,29.69,2022-09-30T16:00:00+08:00
90.04,25.68,3.15,85,2.61,1002.19,79.70,100.00,14,中雨,30.13,1,东,29.70,2022-09-30T17:00:00+08:00
90.71,25.21,2.24,122,0.73,1002.80,4.66,100.00,13,小雨,29.67,1,东南,29.09,2022-09-30T18:00:00+08:00
91.67,25.39,2.23,189,0.12,1003.33,0.00,100.00,13,小雨,29.99,1,南,29.72,2022-09-30T19:00:00+08:00
90.38,25.96,2.49,101,0.00,1003.22,0.00,100.00,9,阴,30.67,1,东,30.31,2022-09-30T20:00:00+08:00
90.42,25.23,2.88,75,0.00,1004.06,0.00,100.00,9,阴,29.57,1,东北,29.04,2022-09-30T21:00:00+08:00
91.52,25.05,1.10,64,0.00,1004.16,0.00,100.00,9,阴,29.70,1,东北,29.08,2022-09-30T22:00:00+08:00
